delivery_id,order_id,driver_id,vehicle_id,hub_id,dispatch_time,delivery_completed_at,delivery_status,route_distance_km,manual_route_override_count,proof_of_completion_missing,customer_rating_post_delivery,fuel_or_charge_cost,cost_per_km,total_delivery_time_minutes,cost_per_minute,satisfaction_per_pound,customer_id,is_high_risk,override_intensity,has_proof_issue,service_quality_score
DL00001,O00938,D004,V056,H05,2024-06-18 10:57:00,2024-06-19 09:05:59.904311,Failed,17.26,1,0,3.07,12.05,0.6981460023174971,1328.9984051833333,0.009066978525333686,0.25477178423236513,C0567,1,0.057937427578215524,0,62.25
DL00002,O00004,D138,V007,H02,2025-01-11 18:45:00,2025-01-11 17:39:00.000000,OnTime,10.34,1,0,5.0,13.41,1.2969052224371374,-66.0,,0.37285607755406414,C0520,0,0.09671179883945842,0,98.85
DL00003,O00639,D006,V049,H02,2025-06-02 20:39:00,2025-06-02 21:45:32.366770,OnTime,7.92,0,0,4.98,8.51,1.0744949494949494,66.53944616666666,0.12789406119618615,0.5851938895417157,C0480,1,0.0,0,99.88
DL00004,O00313,D116,V055,H02,2024-03-08 23:31:00,2024-03-09 23:30:08.103702,Delayed,16.42,0,0,4.18,13.62,0.8294762484774664,1439.1350617,0.0094640179108076,0.3069016152716593,C0616,0,0.0,0,69.88
DL00005,O00844,D108,V034,H01,2025-09-21 11:43:00,2025-09-21 15:45:34.131056,OnTime,14.52,1,0,4.18,9.22,0.6349862258953168,242.56885093333332,0.03800982675444173,0.4533622559652928,C0276,0,0.06887052341597796,0,94.06
DL00006,O00029,D037,V098,H03,2024-09-11 12:40:00,2024-09-12 17:11:52.384869,Delayed,13.84,0,0,1.57,9.58,0.6921965317919075,1711.87308115,0.005596209266614765,0.1638830897703549,C0366,0,0.0,0,53.56
DL00007,O00097,D151,V037,H07,2024-01-09 13:41:00,2024-01-10 23:39:11.072850,Delayed,32.72,0,0,4.64,17.7,0.5409535452322738,2038.1845475,0.0086841988973523,0.2621468926553672,C0303,0,0.0,0,72.75
DL00008,O00207,D082,V066,H03,2024-08-22 21:34:00,2024-08-22 23:22:21.531162,OnTime,7.16,1,0,3.76,11.66,1.6284916201117319,108.3588527,0.10760542133351694,0.3224699828473413,C0023,0,0.13966480446927373,0,90.59
DL00009,O00297,D088,V029,H05,2024-04-12 21:33:00,2024-04-13 01:18:52.673288,OnTime,40.23,1,0,3.7,15.78,0.39224459358687547,225.87788813333333,0.06986075587303717,0.23447401774397975,C0560,1,0.02485707183693761,0,91.58
DL00010,O00836,D058,V057,H08,2025-09-22 19:09:00,2025-09-23 01:15:29.151459,Failed,9.85,1,0,3.2,9.31,0.9451776649746194,366.48585765,0.025403435918913964,0.34371643394199786,C0186,1,0.10152284263959391,0,62.54
DL00011,O00202,D074,V117,H04,2024-02-02 03:09:00,2024-02-02 02:29:05.367622,OnTime,13.85,0,0,4.36,15.17,1.0953068592057762,-39.910539633333336,,0.2874093605800923,C0449,0,0.0,0,96.0
DL00012,O01207,D051,V017,H05,2024-12-26 19:41:00,2024-12-27 09:26:05.387672,Failed,16.96,3,0,,16.98,1.0011792452830188,825.0897945333334,0.020579578262271202,,C0197,1,0.17688679245283018,0,60.4
DL00013,O01031,D105,V085,H04,2025-01-26 08:29:00,2025-01-26 10:33:30.834127,OnTime,6.01,2,0,3.96,11.52,1.9168053244592347,124.51390211666667,0.0925197893903126,0.34375,C0578,1,0.3327787021630616,0,89.55
DL00014,O00725,D102,V008,H05,2024-05-07 12:40:00,2024-05-07 20:50:43.795700,OnTime,16.46,0,0,3.67,11.74,0.7132442284325637,490.7299283333333,0.023923545971350428,0.3126064735945485,C0153,1,0.0,0,91.69
DL00015,O00394,D067,V056,H04,2024-08-16 22:47:00,2024-08-17 08:15:56.080634,OnTime,26.58,3,0,4.47,21.64,0.8141459744168549,568.9346772333333,0.03803600108404877,0.2065619223659889,C0479,0,0.11286681715575622,0,95.35
DL00016,O01220,D010,V091,H08,2025-06-12 01:47:00,2025-06-12 04:51:00.780258,OnTime,18.25,1,0,5.0,12.61,0.690958904109589,184.0130043,0.06852776545858504,0.39651070578905634,C0006,0,0.0547945205479452,0,99.35
DL00017,O01249,D002,V008,H05,2024-08-25 18:26:00,2024-08-26 03:05:42.086626,Delayed,20.79,0,0,1.0,15.62,0.7513227513227513,519.7014437666667,0.030055717926796833,0.06402048655569782,C0572,0,0.0,0,50.0
DL00018,O00611,D011,V001,H01,2025-07-29 10:52:00,2025-07-29 09:54:19.874248,OnTime,13.67,0,0,4.46,16.18,1.1836137527432333,-57.668762533333336,,0.27564894932014833,C0374,0,0.0,0,96.62
DL00019,O01167,D026,V004,H06,2024-06-25 23:58:00,2024-06-26 07:52:41.272083,OnTime,16.35,4,0,4.97,13.97,0.854434250764526,474.68786805,0.029429865265755025,0.3557623478883321,C0336,1,0.24464831804281342,0,96.91
DL00020,O00054,D157,V065,H01,2025-03-29 12:59:00,2025-03-29 14:40:37.791408,OnTime,24.31,0,0,4.15,12.61,0.5187165775401069,101.6298568,0.12407771099014281,0.3291038858049168,C0478,0,0.0,0,94.69
DL00021,O00250,D117,V081,H08,2025-04-24 14:20:00,2025-04-25 11:20:52.916514,OnTime,9.77,4,0,4.07,6.43,0.6581371545547595,1260.8819419,0.0050996051147427415,0.6329704510108866,C0300,1,0.4094165813715456,0,89.33
DL00022,O01027,D088,V011,H07,2025-08-24 00:21:00,2025-08-24 04:25:39.715444,Failed,15.81,0,0,3.5,15.62,0.9879822896900695,244.66192406666667,0.06384319938456703,0.22407170294494239,C0492,1,0.0,0,65.62
DL00023,O00768,D046,V021,H08,2025-06-12 01:16:00,2025-06-12 02:37:11.392658,OnTime,4.29,1,0,5.0,2.5,0.5827505827505828,81.18987763333334,0.030792015862992253,2.0,C0606,0,0.2331002331002331,0,97.23
DL00024,O01054,D045,V029,H02,2025-08-19 14:33:00,2025-08-19 18:11:44.601237,OnTime,8.58,0,0,4.78,14.62,1.7039627039627039,218.74335395,0.06683631633142928,0.32694938440492477,C0216,0,0.0,0,98.62
DL00025,O00288,D130,V098,H04,2025-09-08 19:57:00,2025-09-08 22:37:15.665186,OnTime,7.41,0,0,5.0,7.2,0.97165991902834,160.26108643333333,0.04492668906868488,0.6944444444444444,C0542,0,0.0,0,100.0
DL00026,O00906,D092,V055,H04,2025-02-04 11:16:00,2025-02-06 01:48:45.831712,Failed,14.27,2,0,2.23,10.04,0.7035739313244569,2312.7638618666665,0.004341126288568243,0.22211155378486058,C0480,1,0.1401541695865452,0,56.02
DL00027,O00827,D057,V054,H02,2024-01-01 03:20:00,2024-01-02 00:13:30.937528,OnTime,13.27,0,0,4.15,9.05,0.6819894498869632,1253.5156254666667,0.00721969460622464,0.4585635359116022,C0152,0,0.0,0,94.69
DL00028,O00087,D165,V022,H08,2024-11-12 15:52:00,2024-11-13 04:15:00.393100,Delayed,15.53,2,0,2.7,13.05,0.8403090792015455,743.0065516666666,0.017563775138627034,0.20689655172413793,C0476,1,0.128783000643915,0,59.1
DL00029,O00723,D126,V086,H07,2024-05-15 06:49:00,2024-05-15 04:38:00.000000,OnTime,9.43,1,0,3.72,8.72,0.924708377518558,-131.0,,0.42660550458715596,C0075,0,0.10604453870625663,0,90.74
DL00030,O00780,D034,V068,H03,2024-06-16 18:57:00,2024-06-16 19:22:12.494298,OnTime,7.71,1,0,4.1,16.42,2.12970168612192,25.2082383,0.6513743564539376,0.24969549330085258,C0490,0,0.1297016861219196,0,92.83
DL00031,O00830,D037,V061,H01,2025-07-23 23:32:00,2025-07-23 23:21:38.152021,OnTime,12.06,0,0,4.1,14.98,1.24212271973466,-10.364132983333333,,0.2736982643524699,C0347,0,0.0,0,94.38
DL00032,O00010,D045,V010,H08,2025-01-29 02:58:00,2025-01-29 05:57:46.344204,OnTime,15.58,1,0,4.23,13.75,0.8825417201540436,179.7724034,0.07648559923519385,0.30763636363636365,C0171,1,0.06418485237483953,0,94.43
DL00033,O00885,D041,V075,H06,2024-11-17 14:01:00,2024-11-19 06:51:25.201294,Failed,11.72,0,1,4.13,18.12,1.546075085324232,2450.4200215666665,0.007394650647857117,0.227924944812362,C0338,1,0.0,1,69.56
DL00034,O01081,D157,V110,H04,2025-06-18 12:01:00,2025-06-19 05:14:57.054608,Delayed,14.68,0,0,4.4,9.44,0.6430517711171662,1033.9509101333333,0.009130027264817304,0.46610169491525427,C0581,1,0.0,0,71.25
DL00035,O00275,D015,V038,H07,2025-05-21 21:35:00,2025-05-22 01:56:14.948650,OnTime,22.05,0,0,4.96,14.78,0.6702947845804988,261.24914416666667,0.05657434801229795,0.33558863328822736,C0473,1,0.0,0,99.75
DL00036,O00652,D158,V106,H06,2024-11-08 22:14:00,2024-11-09 04:09:12.967657,OnTime,15.77,1,0,4.35,13.68,0.8674698795180723,355.21612761666665,0.03851176491277683,0.31798245614035087,C0331,0,0.06341154090044389,0,95.18
DL00037,O00185,D010,V113,H05,2025-05-15 02:24:00,2025-05-16 02:10:07.723523,OnTime,23.49,1,0,4.21,11.21,0.47722435078756925,1426.1287253833334,0.00786044050615896,0.375557537912578,C0482,0,0.04257130693912303,0,94.56
DL00038,O00727,D096,V002,H02,2025-10-26 15:31:00,2025-10-26 16:43:11.478296,Failed,8.82,2,0,3.43,13.21,1.497732426303855,72.19130493333333,0.18298602597915456,0.25965177895533686,C0499,1,0.22675736961451246,0,62.49
DL00039,O00542,D090,V034,H08,2025-07-26 15:58:00,2025-07-27 04:22:45.664955,Failed,17.13,1,0,2.51,16.3,0.9515469935785174,744.7610825833333,0.021886213419558143,0.15398773006134966,C0504,1,0.05837711617046118,0,58.74
DL00040,O00919,D027,V036,H04,2025-02-01 08:38:00,2025-02-02 04:04:35.282288,Failed,9.53,1,0,1.68,11.11,1.1657922350472194,1166.5880381333334,0.009523498987506504,0.15121512151215122,C0619,1,0.10493179433368312,0,53.0
DL00041,O00750,D100,V057,H08,2024-02-01 08:58:00,2024-02-01 19:53:37.396269,Failed,15.88,3,1,2.94,13.19,0.8306045340050378,655.62327115,0.020118260867805986,0.22289613343442002,C0368,1,0.1889168765743073,1,59.88
DL00042,O00009,D146,V020,H01,2024-10-04 01:05:00,2024-10-04 10:49:54.333414,OnTime,12.02,0,0,4.45,11.41,0.9492512479201332,584.9055569,0.019507422805953516,0.39000876424189307,C0141,0,0.0,0,96.56
DL00043,O00453,D110,V039,H07,2024-12-04 15:46:00,2024-12-04 20:31:28.589644,OnTime,11.94,0,0,4.24,11.81,0.9891122278056952,285.47649406666665,0.04136943056769515,0.3590177815410669,C0224,0,0.0,0,95.25
DL00044,O00147,D049,V020,H01,2024-07-12 09:47:00,2024-07-12 12:20:42.900637,OnTime,4.63,0,0,4.34,12.87,2.7796976241900646,153.71501061666666,0.08372637095342048,0.3372183372183372,C0096,0,0.0,0,95.88
DL00045,O00924,D157,V051,H08,2025-11-07 00:32:00,2025-11-07 21:03:01.572726,OnTime,10.61,1,0,5.0,14.13,1.3317624882186618,1231.0262121,0.011478228376547498,0.3538570417551309,C0139,0,0.09425070688030161,0,98.88
DL00046,O00101,D088,V046,H05,2025-10-30 07:35:00,2025-10-31 06:59:41.392827,OnTime,5.53,2,0,3.09,11.27,2.0379746835443036,1404.68988045,0.008023123222322634,0.2741792369121562,C0633,1,0.3616636528028933,0,83.77
DL00047,O00263,D045,V091,H06,2024-02-19 04:07:00,2024-02-19 03:46:04.685358,OnTime,16.33,0,0,5.0,10.25,0.6276791181873852,-20.9219107,,0.4878048780487805,C0031,0,0.0,0,100.0
DL00048,O00358,D045,V093,H05,2024-03-20 13:40:00,2024-03-20 18:11:50.892104,Delayed,7.37,0,0,3.33,14.67,1.9905020352781546,271.8482017333333,0.05396393982547063,0.22699386503067484,C0273,0,0.0,0,64.56
DL00049,O01076,D091,V018,H02,2024-09-29 01:23:00,2024-09-29 07:46:30.295652,OnTime,12.55,0,0,3.52,6.93,0.5521912350597609,383.50492753333333,0.018070171991199934,0.5079365079365079,C0035,0,0.0,0,90.75
DL00050,O00534,D065,V046,H06,2025-09-05 05:03:00,2025-09-05 03:24:00.000000,OnTime,26.85,0,0,5.0,14.34,0.5340782122905028,-99.0,,0.3486750348675035,C0159,0,0.0,0,100.0
DL00051,O00785,D150,V055,H07,2025-12-31 17:27:00,2025-12-31 18:05:52.415764,OnTime,8.02,0,0,4.31,14.59,1.819201995012469,38.873596066666664,0.3753190205243357,0.295407813570939,C0378,0,0.0,0,95.69
DL00052,O00554,D168,V020,H08,2025-05-06 10:37:00,2025-05-06 20:57:25.303009,Delayed,26.380000000000003,1,1,2.52,24.54,0.9302501895375284,620.4217168166666,0.03955374116482051,0.10268948655256724,C0117,1,0.03790750568612585,1,59.05
DL00053,O00302,D018,V099,H01,2025-07-10 18:38:00,2025-07-11 17:06:29.590655,OnTime,14.14,0,0,3.63,10.32,0.7298444130127298,1348.4931775833334,0.00765298643816257,0.3517441860465116,C0558,0,0.0,0,91.44
DL00054,O01044,D117,V079,H01,2025-02-14 07:41:00,2025-02-14 20:37:54.180405,Delayed,29.8,1,0,4.7,22.28,0.7476510067114094,776.90300675,0.028677968557752658,0.21095152603231598,C0190,0,0.03355704697986577,0,72.73
DL00055,O00819,D069,V018,H04,2025-04-28 21:37:00,2025-04-29 04:45:04.624638,Delayed,35.07,5,1,2.78,22.2,0.6330196749358425,428.0770773,0.05185981959141917,0.12522522522522522,C0098,0,0.142571998859424,1,59.43
DL00056,O00698,D137,V081,H08,2024-10-22 21:45:00,2024-10-22 22:00:19.303026,OnTime,13.46,2,0,4.01,6.52,0.4843982169390787,15.3217171,0.4255397719097685,0.6150306748466258,C0550,0,0.1485884101040119,0,92.05
DL00057,O00921,D141,V077,H04,2024-12-09 10:53:00,2024-12-09 20:18:39.821307,Failed,10.91,0,0,1.22,6.59,0.6040329972502291,565.66368845,0.011650031873280658,0.18512898330804248,C0448,1,0.0,0,51.37
DL00058,O01062,D125,V082,H02,2024-10-26 18:46:00,2024-10-26 22:22:57.920354,OnTime,15.33,0,0,5.0,7.95,0.5185909980430529,216.96533923333334,0.03664179738612649,0.6289308176100629,C0559,0,0.0,0,100.0
DL00059,O00521,D027,V088,H05,2025-11-26 14:07:00,2025-11-26 18:49:47.422787,Delayed,36.28,3,0,3.11,17.45,0.4809812568908489,282.7903797833333,0.06170648383926546,0.17822349570200574,C0109,1,0.08269018743109151,0,62.21
DL00060,O00236,D005,V026,H02,2024-11-26 16:01:00,,Delayed,13.92,1,1,2.35,9.48,0.6810344827586208,,,0.2478902953586498,C0429,0,0.07183908045977011,1,57.58
DL00061,O00635,D083,V059,H08,2024-12-06 06:18:00,2024-12-06 05:02:21.529834,OnTime,10.51,1,0,3.8,10.6,1.0085632730732637,-75.64116943333333,,0.3584905660377358,C0314,0,0.09514747859181732,0,91.37
DL00062,O00567,D061,V007,H02,2024-02-24 16:31:00,2024-02-25 15:31:54.277282,OnTime,1.2,0,0,5.0,7.32,6.1000000000000005,1380.9046213666666,0.005300872983360338,0.6830601092896175,C0144,0,0.0,0,100.0
DL00063,O00931,D154,V094,H03,2024-03-07 11:20:00,2024-03-07 15:02:37.855092,OnTime,15.95,0,0,5.0,14.6,0.9153605015673981,222.6309182,0.06557939085030463,0.3424657534246575,C0213,0,0.0,0,100.0
DL00064,O01236,D075,V004,H03,2025-05-30 00:35:00,2025-05-30 23:36:22.924966,Delayed,10.36,0,0,2.34,7.13,0.6882239382239382,1381.3820827666666,0.005161497379291222,0.3281907433380084,C0543,0,0.0,0,58.38
DL00065,O01234,D050,V065,H01,2024-02-24 01:55:00,2024-02-24 01:52:27.078194,OnTime,1.67,1,0,4.63,6.2,3.7125748502994016,-2.5486967666666667,,0.746774193548387,C0163,1,0.5988023952095809,0,90.58
DL00066,O00568,D118,V083,H01,2025-12-19 20:41:00,2025-12-20 00:15:32.806881,OnTime,22.39,0,0,4.03,18.25,0.8150960250111656,214.54678135,0.08506303327024953,0.2208219178082192,C0412,1,0.0,0,93.94
DL00067,O00842,D152,V023,H01,2025-07-04 04:43:00,2025-07-04 14:29:14.573095,OnTime,12.34,1,0,4.61,11.04,0.8946515397082657,586.2428849166666,0.01883178505709168,0.417572463768116,C0588,1,0.08103727714748785,0,96.6
DL00068,O00828,D104,V046,H08,2024-02-19 15:15:00,2024-02-21 03:47:37.311854,Failed,19.75,1,0,3.73,16.14,0.8172151898734178,2192.6218642333333,0.007361050376848027,0.23110285006195785,C0025,1,0.05063291139240506,0,66.46
DL00069,O01039,D010,V074,H07,2025-05-01 11:46:00,2025-05-01 19:43:03.174703,Failed,16.76,1,0,4.17,10.73,0.6402147971360381,477.05291171666664,0.022492263932292714,0.38863000931966446,C0171,1,0.059665871121718374,0,69.1
DL00070,O00370,D018,V036,H07,2024-11-21 18:37:00,2024-11-21 21:57:39.434015,OnTime,16.35,0,0,4.64,18.11,1.1076452599388378,200.65723358333332,0.0902534121326799,0.25621203754831584,C0021,1,0.0,0,97.75
DL00071,O00796,D093,V080,H02,2025-01-28 06:57:00,2025-01-28 22:41:11.982767,Delayed,20.37,1,0,3.57,18.14,0.8905252822778595,944.1997127833333,0.019212037193409536,0.1968026460859978,C0385,0,0.049091801669121256,0,65.48
DL00072,O00402,D110,V027,H05,2025-11-20 06:20:00,2025-11-20 19:21:38.642714,Delayed,28.51,0,0,3.28,15.11,0.5299894773763592,781.6440452333334,0.019331049845699805,0.21707478491065518,C0104,1,0.0,0,64.25
DL00073,O00421,D141,V092,H08,2025-07-23 07:06:00,2025-07-24 05:47:40.524208,OnTime,19.34,3,0,4.68,17.54,0.9069286452947259,1361.6754034666667,0.012881190300820008,0.2668187001140251,C0599,0,0.15511892450879008,0,96.16
DL00074,O01195,D030,V092,H04,2025-01-04 08:41:00,2025-01-05 00:01:18.848212,Failed,17.61,1,0,4.42,14.79,0.8398637137989778,920.3141368666667,0.01607059960021319,0.2988505747126437,C0529,1,0.05678591709256105,0,70.7
DL00075,O01239,D169,V047,H02,2024-08-06 04:24:00,2024-08-06 05:22:04.347228,OnTime,13.25,3,0,3.24,11.94,0.901132075471698,58.0724538,0.2056052262079547,0.271356783919598,C0392,0,0.22641509433962265,0,86.31
DL00076,O00815,D120,V004,H01,2024-02-25 17:02:00,2024-02-26 17:44:41.639612,OnTime,27.51,3,0,5.0,15.16,0.5510723373318793,1482.6939935333332,0.010224631694819892,0.32981530343007914,C0347,0,0.10905125408942203,0,98.71
DL00077,O01040,D094,V067,H04,2025-12-27 22:16:00,2025-12-28 11:51:46.015071,Delayed,32.97,3,0,2.81,18.07,0.5480740066727328,815.76691785,0.022150935033777186,0.15550636413945768,C0290,1,0.09099181073703368,0,60.23
DL00078,O00173,D144,V088,H02,2025-02-18 08:26:00,2025-02-19 03:34:49.179226,Failed,10.92,1,0,2.87,9.05,0.8287545787545788,1148.8196537666668,0.007877650743811282,0.31712707182320443,C0371,1,0.09157509157509157,0,60.6
DL00079,O00920,D009,V102,H08,2024-08-01 12:06:00,2024-08-01 23:56:00.561663,OnTime,7.18,0,0,4.91,12.79,1.7813370473537604,710.00936105,0.018013847002081012,0.383893666927287,C0242,0,0.0,0,99.44
DL00080,O01137,D030,V022,H04,2025-10-14 08:21:00,2025-10-14 08:32:00.000000,OnTime,16.29,0,0,4.42,14.17,0.8698588090853284,11.0,1.288181818181818,0.3119266055045872,C0213,0,0.0,0,96.38
DL00081,O00716,D166,V056,H04,2024-10-22 06:38:00,2024-10-22 19:18:42.594052,Delayed,9.77,1,1,3.58,12.68,1.2978505629477994,760.7099008666667,0.01666864068096635,0.2823343848580442,C0072,0,0.1023541453428864,1,64.91
DL00082,O00669,D008,V048,H03,2025-07-15 15:38:00,2025-07-16 00:44:17.490179,OnTime,3.98,1,0,4.76,5.86,1.4723618090452262,546.2915029833333,0.010726873780752877,0.8122866894197951,C0529,1,0.25125628140703515,0,95.52
DL00083,O00451,D053,V043,H05,2025-02-15 18:28:00,2025-02-16 13:33:28.440507,Delayed,2.13,0,0,1.44,11.27,5.291079812206573,1145.47400845,0.009838721714209839,0.12777284826974267,C0012,0,0.0,0,52.75
DL00084,O00784,D063,V117,H05,2025-03-07 03:24:00,2025-03-08 07:43:35.335286,Failed,6.83,0,0,3.63,9.07,1.32796486090776,1699.5889214333333,0.005336584562078044,0.4002205071664829,C0308,1,0.0,0,66.44
DL00085,O00160,D127,V032,H06,2024-08-20 19:18:00,,OnTime,9.49,5,0,3.85,16.32,1.719704952581665,,,0.23590686274509803,C0478,0,0.5268703898840885,0,86.56
DL00086,O01013,D159,V063,H02,2025-08-22 17:32:00,2025-08-22 19:39:11.266878,OnTime,17.4,0,0,3.75,12.23,0.7028735632183909,127.1877813,0.09615703548718167,0.30662305805396567,C0185,0,0.0,0,92.19
DL00087,O00630,D034,V099,H07,2025-03-28 15:08:00,2025-03-28 15:28:40.004969,OnTime,17.98,0,0,4.11,13.23,0.735817575083426,20.666749483333334,0.6401587250413672,0.3106575963718821,C0369,0,0.0,0,94.44
DL00088,O00657,D088,V043,H04,2024-02-28 23:43:00,2024-02-29 03:16:11.448581,OnTime,5.99,0,0,4.43,2.5,0.41736227045075125,213.19080968333333,0.011726584291853005,1.7719999999999998,C0135,0,0.0,0,96.44
DL00089,O00241,D010,V112,H03,2025-04-01 15:27:00,2025-04-01 20:28:34.310529,Failed,8.27,0,0,2.56,6.94,0.8391777509068925,301.57184215,0.023012758586884535,0.3688760806916426,C0117,1,0.0,0,59.75
DL00090,O01097,D027,V065,H04,2024-07-14 23:21:00,2024-07-15 09:00:31.809183,OnTime,33.86,3,0,4.76,24.2,0.7147076196101595,579.53015305,0.04175796526313291,0.19669421487603306,C0390,0,0.08860011813349085,0,97.45
DL00091,O00941,D116,V044,H04,2024-08-12 15:04:00,2024-08-12 14:48:31.759538,OnTime,14.47,0,0,5.0,10.57,0.7304768486523843,-15.470674366666668,,0.47303689687795647,C0571,0,0.0,0,100.0
DL00092,O00736,D105,V016,H01,2024-01-25 00:39:00,2024-01-25 10:47:51.400345,OnTime,7.66,1,0,4.72,8.17,1.066579634464752,608.8566724166667,0.013418593192995213,0.5777233782129743,C0390,0,0.13054830287206265,0,96.7
DL00093,O00579,D028,V032,H05,2025-09-05 12:14:00,2025-09-05 12:49:10.392527,OnTime,19.68,3,0,3.69,18.64,0.9471544715447154,35.17320878333334,0.5299488060592435,0.19796137339055794,C0624,0,0.1524390243902439,0,90.0
DL00094,O01026,D034,V012,H04,2025-05-26 22:56:00,2025-05-27 09:41:42.033675,Delayed,4.66,0,0,3.72,16.6,3.5622317596566524,645.70056125,0.0257085110284934,0.22409638554216868,C0309,0,0.0,0,67.0
DL00095,O00416,D031,V005,H08,2024-01-07 23:00:00,2024-01-07 21:37:11.579245,OnTime,28.69,1,0,5.0,13.48,0.46985012199372606,-82.80701258333333,,0.37091988130563797,C0552,0,0.034855350296270474,0,99.59
DL00096,O00961,D077,V110,H01,2025-03-18 16:23:00,,Delayed,1.2,0,0,3.24,2.61,2.175,,,1.2413793103448276,C0307,0,0.0,0,64.0
DL00097,O00794,D170,V109,H07,2024-07-16 22:51:00,2024-07-18 01:52:17.414330,Failed,10.54,1,0,3.58,3.56,0.3377609108159393,1621.2902388333334,0.00219578204736602,1.0056179775280898,C0415,1,0.09487666034155598,0,65.0
DL00098,O00631,D004,V072,H07,2025-07-05 09:16:00,2025-07-05 15:47:44.173074,Failed,3.86,1,0,4.43,15.58,4.036269430051814,391.7362179,0.039771660847497045,0.28433889602053913,C0574,1,0.2590673575129534,0,68.36
DL00099,O00835,D127,V093,H01,2024-05-26 18:57:00,2024-05-26 21:53:38.872935,OnTime,5.6,2,0,4.75,13.26,2.367857142857143,176.64788225,0.07506458515723304,0.35822021116138764,C0317,0,0.35714285714285715,0,94.2
DL00100,O00205,D120,V097,H05,2025-02-05 16:42:00,2025-02-06 07:09:53.748167,Failed,8.64,0,0,3.14,13.47,1.5590277777777777,867.8958027833334,0.015520296280730754,0.23311061618411283,C0246,1,0.0,0,63.38
DL00101,O00354,D141,V115,H06,2025-12-02 18:06:00,2025-12-02 19:18:47.006775,OnTime,21.63,0,0,4.12,14.3,0.6611188164586224,72.78344625,0.19647324682705583,0.2881118881118881,C0154,0,0.0,0,94.5
DL00102,O00578,D031,V022,H02,2024-03-04 09:56:00,2024-03-04 13:51:57.810092,Delayed,9.18,0,0,3.08,11.31,1.2320261437908497,235.96350153333333,0.047931141581242794,0.2723253757736516,C0639,0,0.0,0,63.0
DL00103,O00269,D004,V036,H04,2024-12-01 01:20:00,2024-12-01 21:58:15.862002,Failed,6.26,2,0,2.24,9.31,1.487220447284345,1238.2643667,0.007518588316331304,0.2406015037593985,C0175,1,0.3194888178913738,0,53.96
DL00104,O00390,D102,V111,H06,2024-03-06 12:50:00,2024-03-06 20:08:19.088413,OnTime,8.75,0,0,4.45,7.5,0.8571428571428571,438.3181402166667,0.017110859240944597,0.5933333333333334,C0150,0,0.0,0,96.56
DL00105,O00596,D020,V043,H01,2025-10-02 04:09:00,2025-10-02 10:54:51.626370,OnTime,18.52,0,0,3.73,20.45,1.1042116630669547,405.8604395,0.050386778334920716,0.18239608801955992,C0394,0,0.0,0,92.06
DL00106,O00039,D040,V015,H05,2025-08-01 08:30:00,2025-08-01 12:18:45.005907,OnTime,18.02,0,0,4.92,15.57,0.8640399556048834,228.75009845,0.06806554447627168,0.3159922928709056,C0351,1,0.0,0,99.5
DL00107,O00175,D120,V074,H05,2025-12-19 20:22:00,2025-12-19 21:26:01.755844,OnTime,6.47,1,0,4.69,8.8,1.360123647604328,64.02926406666667,0.1374371567169275,0.5329545454545455,C0562,0,0.1545595054095827,0,96.23
DL00108,O00620,D084,V009,H06,2024-11-08 01:38:00,2024-11-08 03:02:54.779512,OnTime,13.73,1,0,4.73,17.52,1.2760378732702111,84.91299186666667,0.20632885044859228,0.2699771689497717,C0467,1,0.07283321194464676,0,97.45
DL00109,O00019,D014,V083,H05,2024-03-31 09:02:00,2024-03-31 12:20:28.945640,OnTime,16.7,1,0,3.52,16.91,1.0125748502994012,198.48242733333333,0.085196459088044,0.20816085156712005,C0425,0,0.059880239520958084,0,90.04
DL00110,O00045,D024,V042,H03,2024-02-13 21:24:00,2024-02-14 01:15:37.449725,OnTime,14.39,1,0,4.74,8.64,0.600416956219597,231.62416208333335,0.03730180790418366,0.548611111111111,C0326,0,0.06949270326615706,0,97.55
DL00111,O00105,D081,V090,H06,2024-07-09 23:17:00,2024-07-09 22:43:25.075981,OnTime,18.8,0,0,5.0,20.02,1.0648936170212766,-33.582066983333334,,0.24975024975024976,C0070,0,0.0,0,100.0
DL00112,O00848,D068,V049,H05,2025-06-03 14:51:00,2025-06-03 20:37:51.660691,OnTime,10.88,3,0,3.68,8.03,0.7380514705882352,346.8610115166667,0.023150483142767856,0.4582814445828145,C0489,0,0.275735294117647,0,88.48
DL00113,O00607,D072,V083,H05,2025-08-30 19:15:00,2025-08-31 06:58:55.972500,OnTime,7.42,0,0,2.94,15.7,2.115902964959569,703.932875,0.022303262935404175,0.1872611464968153,C0576,0,0.0,0,87.12
DL00114,O01196,D074,V114,H02,2024-04-12 03:31:00,2024-04-12 20:47:55.665668,Delayed,16.99,0,0,2.62,19.44,1.144202472042378,1036.9277611333334,0.018747689789646114,0.13477366255144033,C0109,1,0.0,0,60.13
DL00115,O01132,D030,V116,H04,2025-05-04 01:04:00,2025-05-04 01:53:19.398895,OnTime,18.75,1,0,4.35,8.08,0.43093333333333333,49.32331491666667,0.1638170510974662,0.5383663366336633,C0588,1,0.05333333333333334,0,95.3
DL00116,O00121,D023,V047,H06,2025-10-14 13:45:00,2025-10-15 08:06:51.715228,Delayed,19.9,0,0,2.92,21.64,1.0874371859296483,1101.8619204666666,0.019639484401852193,0.13493530499075784,C0604,0,0.0,0,62.0
DL00117,O00559,D080,V119,H06,2025-04-24 08:49:00,2025-04-24 23:39:56.698972,Delayed,11.84,0,1,2.46,17.91,1.5126689189189189,890.9449828666667,0.020102251367276964,0.1373534338358459,C0167,0,0.0,1,59.13
DL00118,O00660,D143,V004,H01,2024-06-05 01:27:00,2024-06-05 16:05:09.661481,Failed,11.45,3,0,2.16,8.94,0.7807860262008733,878.1610246833334,0.010180365273241067,0.2416107382550336,C0288,1,0.26200873362445415,0,54.14
DL00119,O01011,D076,V037,H03,2024-02-28 07:57:00,2024-02-29 14:55:52.373220,Failed,32.37,3,0,1.71,25.09,0.7751004016064258,1858.872887,0.013497426411169125,0.06815464328417696,C0257,1,0.09267840593141799,0,53.34
DL00120,O00007,D128,V047,H06,2024-05-05 22:10:00,2024-05-06 07:05:17.555250,Delayed,9.07,1,1,3.93,9.76,1.076074972436604,535.2925875,0.018233019152352824,0.40266393442622955,C0001,0,0.11025358324145534,1,67.0
DL00121,O00091,D078,V100,H05,2024-03-14 02:36:00,2024-03-14 09:52:56.769516,OnTime,18.81,0,0,3.92,11.62,0.6177565124933546,436.9461586,0.026593665538177817,0.3373493975903615,C0564,0,0.0,0,93.25
DL00122,O00434,D122,V092,H01,2025-10-25 21:25:00,2025-10-25 20:15:00.000000,OnTime,29.52,4,0,4.63,10.56,0.35772357723577236,-70.0,,0.43844696969696967,C0500,0,0.13550135501355015,0,96.08
DL00123,O00284,D030,V025,H04,2024-04-02 13:26:00,2024-04-03 09:11:28.202168,OnTime,13.45,2,0,4.75,12.86,0.9561338289962825,1185.4700361333332,0.01084801775500431,0.3693623639191291,C0363,0,0.14869888475836432,0,96.67
DL00124,O00210,D113,V040,H05,2024-05-14 20:07:00,2024-05-15 00:02:59.084441,OnTime,14.23,2,0,4.78,19.49,1.36964160224877,235.98474068333334,0.08259008588251697,0.24525397639815294,C0347,0,0.14054813773717498,0,96.96
DL00125,O00472,D021,V109,H05,2024-02-22 10:05:00,2024-02-22 12:39:44.134262,OnTime,14.25,3,0,3.68,12.59,0.8835087719298246,154.73557103333334,0.08136461394056474,0.29229547259729943,C0636,0,0.21052631578947367,0,89.25
DL00126,O00547,D159,V001,H07,2024-04-09 14:36:00,2024-04-10 19:11:28.149157,Delayed,17.68,0,0,2.6,10.92,0.6176470588235294,1715.4691526166666,0.006365605574045638,0.2380952380952381,C0640,1,0.0,0,60.0
DL00127,O01072,D026,V099,H02,2024-10-05 00:19:00,2024-10-05 18:08:10.081712,Delayed,16.56,2,0,2.12,11.9,0.7185990338164252,1069.1680285333334,0.011130149501687043,0.1781512605042017,C0384,1,0.12077294685990339,0,55.57
DL00128,O00868,D089,V099,H07,2024-05-18 16:31:00,2024-05-18 18:54:46.916689,OnTime,9.43,0,0,4.47,10.47,1.110286320254507,143.78194481666668,0.072818600508917,0.42693409742120336,C0037,0,0.0,0,96.69
DL00129,O00425,D030,V078,H08,2024-11-27 08:41:00,2024-11-27 12:07:10.344970,OnTime,21.27,3,0,5.0,11.59,0.5448989186647861,206.17241616666666,0.05621508548762808,0.4314063848144953,C0550,0,0.14104372355430184,0,98.33
DL00130,O00400,D113,V042,H03,2025-06-20 08:41:00,2025-06-20 12:30:11.038552,OnTime,17.1,0,0,3.87,13.53,0.7912280701754385,229.18397586666666,0.05903554098333387,0.28603104212860314,C0426,0,0.0,0,92.94
DL00131,O00890,D037,V096,H07,2025-07-05 10:26:00,2025-07-06 08:48:04.879458,OnTime,16.59,0,0,4.33,3.25,0.19590114526823388,1342.0813243,0.002421611821247217,1.3323076923076924,C0232,0,0.0,0,95.81
DL00132,O00688,D058,V061,H03,2024-04-25 08:29:00,2024-04-25 16:02:10.123558,OnTime,19.79,0,0,4.62,5.66,0.28600303183425974,453.16872596666667,0.01248982923066127,0.8162544169611308,C0332,0,0.0,0,97.62
DL00133,O00761,D083,V070,H03,2025-08-12 05:33:00,2025-08-12 17:33:17.788692,OnTime,17.73,1,0,3.29,10.88,0.613649182177101,720.2964782,0.015104891290304243,0.3023897058823529,C0237,0,0.05640157924421884,0,88.64
DL00134,O00334,D135,V071,H03,2024-05-23 12:01:00,2024-05-23 14:46:57.080638,OnTime,13.27,0,0,3.88,7.63,0.5749811605124341,165.95134396666666,0.04597733177462292,0.508519003931848,C0500,0,0.0,0,93.0
DL00135,O00225,D069,V075,H03,2025-07-28 04:31:00,2025-07-29 01:14:21.599308,Failed,10.34,2,0,3.6,9.3,0.8994197292069633,1243.3599884666667,0.007479732407561967,0.3870967741935484,C0290,1,0.19342359767891684,0,63.95
DL00136,O00527,D032,V106,H06,2024-04-05 06:41:00,2024-04-05 11:08:14.223396,OnTime,4.06,1,0,4.45,5.7,1.4039408866995076,267.2370566,0.02132937726720943,0.7807017543859649,C0203,0,0.24630541871921185,0,93.64
DL00137,O01216,D053,V109,H07,2025-08-28 20:12:00,2025-08-29 00:36:58.972872,Delayed,13.46,2,0,2.72,11.11,0.825408618127786,264.9828812,0.04192723676973892,0.24482448244824487,C0382,0,0.1485884101040119,0,58.99
DL00138,O00705,D019,V071,H04,2025-09-09 22:58:00,2025-09-10 05:00:03.368430,OnTime,11.23,2,0,4.75,15.22,1.3552983081032948,362.0561405,0.04203767951285444,0.3120893561103811,C0013,0,0.17809439002671415,0,96.32
DL00139,O01215,D140,V084,H05,2025-08-05 03:23:00,2025-08-05 12:37:39.102460,OnTime,12.23,0,0,3.57,13.59,1.1112019623875715,554.6517076666667,0.024501862722411897,0.26269315673289184,C0054,1,0.0,0,91.06
DL00140,O00656,D079,V050,H06,2025-01-08 00:27:00,2025-01-08 08:59:38.123736,Delayed,15.69,0,1,2.23,11.96,0.7622689611217337,512.6353956,0.023330421782525857,0.18645484949832775,C0211,0,0.0,1,57.69
DL00141,O00021,D166,V094,H04,2024-10-16 12:41:00,2024-10-16 12:59:34.243920,OnTime,10.45,1,0,4.77,7.89,0.7550239234449762,18.570732,0.42486208944267784,0.6045627376425855,C0218,0,0.09569377990430622,0,97.43
DL00142,O00612,D158,V016,H08,2025-05-19 20:32:00,2025-05-20 00:33:51.964249,OnTime,4.04,2,0,3.27,15.78,3.905940594059406,241.86607081666668,0.06524271861166159,0.20722433460076048,C0169,0,0.49504950495049505,0,83.31
DL00143,O00757,D026,V051,H04,2025-02-22 08:56:00,2025-02-23 01:28:41.984786,Delayed,22.37,0,0,3.64,19.33,0.8641037103263298,992.6997464333333,0.019472151644493386,0.18830832902224523,C0466,0,0.0,0,66.5
DL00144,O00170,D016,V016,H06,2024-06-24 09:02:00,2024-06-24 11:42:51.153127,OnTime,25.98,4,0,4.84,27.38,1.0538876058506543,160.85255211666666,0.1702180017643813,0.17677136596055515,C0005,0,0.15396458814472672,0,97.17
DL00145,O00668,D155,V081,H06,2025-07-11 00:42:00,2025-07-11 05:33:45.592088,OnTime,29.37,2,0,3.95,18.72,0.637385086823289,291.7598681333333,0.06416235419823065,0.21100427350427353,C0649,1,0.06809669731018045,0,92.63
DL00146,O00058,D052,V094,H03,2025-12-16 06:56:00,2025-12-16 09:52:51.274465,OnTime,22.04,0,0,4.37,6.16,0.279491833030853,176.85457441666668,0.034830877404884844,0.7094155844155844,C0083,0,0.0,0,96.06
DL00147,O01116,D123,V017,H06,2024-11-13 14:46:00,2024-11-13 19:29:47.090691,OnTime,1.21,1,0,4.08,14.96,12.363636363636365,283.78484485,0.05271599337134229,0.2727272727272727,C0556,0,0.8264462809917356,0,84.44
DL00148,O00817,D087,V120,H05,2025-12-31 09:02:00,2025-12-31 11:10:07.314150,OnTime,16.75,1,0,4.04,15.84,0.9456716417910448,128.1219025,0.12363225717788572,0.255050505050505,C0391,1,0.05970149253731343,0,93.29
DL00149,O00789,D024,V099,H08,2024-12-11 13:03:00,2024-12-11 17:56:25.028097,OnTime,5.74,2,0,3.83,3.72,0.6480836236933798,293.41713495,0.01267819618180755,1.0295698924731183,C0201,0,0.3484320557491289,0,88.55
DL00150,O01164,D083,V042,H07,2025-06-09 18:46:00,2025-06-10 07:04:10.945640,Delayed,10.43,0,0,2.83,10.61,1.0172579098753596,738.1824273333333,0.014373140848568253,0.26672950047125354,C0530,1,0.0,0,61.44
DL00151,O00376,D131,V048,H03,2025-01-21 09:34:00,2025-01-21 19:14:52.380038,OnTime,12.77,1,0,4.77,10.12,0.7924823805794832,580.8730006333333,0.017422052650004446,0.47134387351778656,C0286,0,0.07830853563038372,0,97.63
DL00152,O00146,D121,V047,H01,2025-10-10 01:22:00,2025-10-10 13:11:11.345292,OnTime,3.02,0,0,4.71,8.34,2.76158940397351,709.1890882,0.011759910211207335,0.564748201438849,C0168,0,0.0,0,98.19
DL00153,O00893,D115,V007,H01,2024-08-05 08:55:00,2024-08-06 02:10:16.054319,Failed,12.85,1,0,3.96,15.21,1.1836575875486381,1035.2675719833333,0.014691853982117066,0.2603550295857988,C0391,1,0.07782101167315175,0,67.58
DL00154,O00071,D018,V110,H08,2024-09-01 00:47:00,2024-09-01 02:07:26.317027,Failed,7.04,1,0,4.2,5.23,0.7428977272727273,80.43861711666666,0.06501852204165204,0.8030592734225621,C0109,1,0.14204545454545456,0,68.31
DL00155,O00061,D048,V052,H02,2024-07-12 03:31:00,2024-07-12 08:43:58.748726,OnTime,24.74,1,0,4.46,18.46,0.7461600646725951,312.9791454333333,0.05898156560700338,0.24160346695557963,C0289,0,0.04042037186742118,0,96.15
DL00156,O01086,D100,V085,H08,2024-03-05 21:40:00,2024-03-06 10:03:18.736184,Delayed,31.74,2,0,2.18,17.62,0.5551354757403907,743.3122697333333,0.023704707587191124,0.12372304199772985,C0276,0,0.06301197227473221,0,56.63
DL00157,O01089,D144,V040,H06,2025-05-18 05:27:00,2025-05-18 08:03:36.606151,OnTime,12.43,2,0,5.0,13.52,1.0876910699919549,156.61010251666667,0.08632904124790533,0.3698224852071006,C0035,0,0.16090104585679807,0,98.09
DL00158,O00643,D031,V072,H08,2025-04-10 19:05:00,2025-04-11 00:26:34.021654,Delayed,29.34,3,0,3.8,15.45,0.5265848670756647,321.56702756666664,0.04804597074803304,0.2459546925566343,C0349,0,0.10224948875255624,0,66.29
DL00159,O00213,D120,V020,H05,2024-12-05 20:07:00,2024-12-06 08:13:18.738888,OnTime,11.73,0,0,5.0,21.25,1.8115942028985506,726.3123148,0.029257386343299822,0.23529411764705882,C0512,0,0.0,0,100.0
DL00160,O00874,D108,V085,H04,2024-06-15 16:06:00,2024-06-15 21:00:31.761224,OnTime,16.67,1,0,5.0,9.13,0.5476904619076185,294.5293537333333,0.030998608064941115,0.5476451259583789,C0360,0,0.05998800239952009,0,99.29
DL00161,O00624,D055,V098,H01,2025-04-13 04:37:00,2025-04-14 05:10:40.320423,OnTime,16.98,0,0,4.28,11.8,0.6949352179034158,1473.67200705,0.008007209164284303,0.36271186440677966,C0117,1,0.0,0,95.5
DL00162,O00854,D122,V071,H02,2024-09-01 04:30:00,2024-09-01 10:10:41.965568,OnTime,25.94,0,0,4.84,11.4,0.43947571318427137,340.69942613333336,0.03346057881394431,0.4245614035087719,C0343,0,0.0,0,99.0
DL00163,O01007,D121,V056,H07,2024-09-24 08:50:00,2024-09-25 09:30:25.927484,Delayed,9.31,0,0,2.51,8.76,0.9409237379162191,1480.4321247333332,0.005917191240076554,0.2865296803652968,C0556,0,0.0,0,59.44
DL00164,O00066,D045,V120,H03,2024-06-21 11:36:00,2024-06-21 14:46:30.898358,OnTime,17.31,0,0,3.9,17.53,1.0127094165222417,190.51497263333334,0.09201376541537437,0.2224757558471192,C0421,0,0.0,0,93.12
DL00165,O00852,D006,V022,H03,2025-07-13 18:06:00,2025-07-14 04:22:13.713354,Delayed,8.64,0,1,4.55,2.5,0.28935185185185186,616.2285559,0.004056936304012652,1.8199999999999998,C0599,0,0.0,1,72.19
DL00166,O00904,D091,V017,H04,2024-05-25 20:26:00,2024-05-26 10:51:28.099016,Failed,24.07,0,0,2.08,13.51,0.5612796011632738,865.4683169333333,0.01561004572399693,0.153960029607698,C0618,1,0.0,0,56.75
DL00167,O00932,D116,V069,H08,2024-10-01 07:37:00,2024-10-01 19:14:50.088103,Failed,19.44,0,0,2.56,13.3,0.684156378600823,697.8348017166667,0.01905895201454862,0.19248120300751878,C0221,1,0.0,0,59.75
DL00168,O00126,D100,V066,H01,2024-05-26 09:29:00,2024-05-27 03:28:20.235783,Delayed,30.51,2,0,4.3,18.34,0.6011143887250081,1079.33726305,0.016991908486671422,0.23446019629225737,C0146,0,0.06555227794165847,0,69.85
DL00169,O00996,D037,V115,H07,2025-04-26 07:29:00,2025-04-26 07:46:10.119404,OnTime,10.5,2,0,4.08,10.38,0.9885714285714287,17.168656733333332,0.6045901063329548,0.39306358381502887,C0238,0,0.19047619047619047,0,91.99
DL00170,O00363,D020,V093,H04,2025-06-04 03:57:00,2025-06-04 05:40:45.827408,OnTime,10.59,0,0,4.07,10.74,1.0141643059490086,103.76379013333333,0.10350431481154866,0.3789571694599628,C0230,0,0.0,0,94.19
DL00171,O01055,D096,V085,H07,2025-08-13 19:47:00,2025-08-13 23:52:05.486628,OnTime,23.42,1,0,4.35,13.6,0.5807002561912894,245.0914438,0.05548949318319695,0.31985294117647056,C0621,0,0.04269854824935952,0,95.43
DL00172,O00127,D132,V106,H06,2025-11-08 04:29:00,2025-11-08 16:24:08.173876,Delayed,13.58,2,1,4.36,11.2,0.8247422680412371,715.1362312666666,0.015661351656260356,0.38928571428571435,C0572,0,0.14727540500736377,1,69.25
DL00173,O00459,D131,V026,H08,2025-11-28 08:52:00,2025-11-29 15:17:47.295669,Delayed,15.37,0,0,3.88,6.1,0.39687703318152245,1825.78826115,0.0033410226858167132,0.6360655737704918,C0478,0,0.0,0,68.0
DL00174,O00162,D020,V066,H07,2025-12-14 04:21:00,2025-12-14 14:45:39.043652,OnTime,9.9,2,0,4.18,9.86,0.9959595959595958,624.6507275333333,0.015784821125456608,0.4239350912778905,C0476,1,0.20202020202020202,0,92.48
DL00175,O00583,D036,V118,H03,2025-04-17 21:40:00,2025-04-18 00:57:45.636508,OnTime,15.62,1,0,3.93,9.26,0.5928297055057619,197.76060846666667,0.046824289588291844,0.4244060475161987,C0469,0,0.06402048655569782,0,92.55
DL00176,O01200,D061,V116,H05,2024-02-23 08:31:00,2024-02-23 13:20:44.267798,OnTime,16.02,0,0,4.36,16.67,1.040574282147316,289.73779663333335,0.05753477866436627,0.2615476904619076,C0433,0,0.0,0,96.0
DL00177,O00164,D123,V045,H01,2024-03-23 14:11:00,2024-03-24 11:34:32.627966,OnTime,8.31,0,0,4.85,9.58,1.1528279181708785,1283.5437994333333,0.007463711019623512,0.5062630480167014,C0622,0,0.0,0,99.06
DL00178,O01166,D024,V052,H05,2025-09-22 12:46:00,2025-09-22 22:06:17.558019,Failed,13.01,2,1,3.36,6.79,0.5219062259800153,560.29263365,0.012118667268150331,0.49484536082474223,C0053,1,0.15372790161414296,1,62.92
DL00179,O00493,D016,V094,H08,2024-05-20 04:07:00,2024-05-20 19:35:01.117107,Delayed,9.15,1,0,2.32,12.14,1.326775956284153,928.01861845,0.01308163409509664,0.19110378912685336,C0370,0,0.1092896174863388,0,56.95
DL00180,O00137,D135,V054,H08,2025-03-14 19:37:00,2025-03-15 06:15:52.917076,OnTime,19.65,0,0,4.25,14.94,0.7603053435114504,638.8819512666666,0.023384601756833958,0.28447121820615795,C0295,0,0.0,0,95.31
DL00181,O00450,D073,V014,H02,2024-08-25 23:47:00,2024-08-25 23:58:42.961492,OnTime,12.74,1,0,5.0,14.37,1.1279434850863421,11.716024866666666,1.2265252219534095,0.3479471120389701,C0527,0,0.07849293563579278,0,99.07
DL00182,O00096,D071,V102,H04,2024-07-13 18:06:00,2024-07-13 18:46:16.627804,OnTime,7.62,0,0,4.64,14.41,1.8910761154855642,40.277130066666665,0.35777127059819264,0.32199861207494795,C0441,0,0.0,0,97.75
DL00183,O00808,D049,V065,H05,2024-09-06 07:26:00,2024-09-06 12:08:53.674289,OnTime,15.14,0,0,4.23,13.23,0.8738441215323646,282.8945714833333,0.04676653896407285,0.3197278911564626,C0598,0,0.0,0,95.19
DL00184,O01005,D023,V096,H07,2025-05-01 19:42:00,2025-05-03 02:37:43.403054,Failed,13.78,0,0,2.96,13.86,1.0058055152394776,1855.7233842333333,0.007468785551638705,0.21356421356421357,C0104,1,0.0,0,62.25
DL00185,O01217,D008,V065,H01,2024-01-26 00:13:00,2024-01-26 11:26:56.498085,OnTime,15.39,3,0,4.76,13.61,0.8843404808317088,673.94163475,0.02019462709860425,0.34974283614988977,C0263,0,0.1949317738791423,0,96.19
DL00186,O00798,D006,V081,H06,2024-01-14 04:23:00,2024-01-14 07:07:14.801241,OnTime,14.26,1,0,4.91,4.79,0.3359046283309958,164.24668735,0.029163449670024655,1.0250521920668059,C0547,0,0.07012622720897616,0,98.6
DL00187,O00439,D111,V069,H05,2024-03-05 22:08:00,2024-03-06 15:17:27.866312,Failed,17.61,1,0,1.53,16.92,0.960817717206133,1029.4644385333334,0.016435730430966355,0.09042553191489361,C0577,1,0.05678591709256105,0,52.64
DL00188,O00739,D008,V075,H08,2025-04-13 23:14:00,2025-04-14 09:05:27.436648,OnTime,5.37,0,0,5.0,5.73,1.0670391061452515,591.4572774666667,0.009687935575909676,0.8726003490401395,C0144,0,0.0,0,100.0
DL00189,O01227,D011,V118,H06,2024-11-05 11:52:00,2024-11-05 18:23:23.067031,Failed,14.51,1,0,2.43,12.83,0.8842177808407995,391.3844505166667,0.032781067267907846,0.18939984411535465,C0282,1,0.06891798759476224,0,58.12
DL00190,O00875,D039,V003,H07,2025-10-31 23:21:00,2025-11-01 08:44:27.167343,OnTime,2.25,0,0,4.79,7.74,3.44,563.45278905,0.013736732074837887,0.6188630490956072,C0027,0,0.0,0,98.69
DL00191,O00755,D161,V006,H08,2025-08-21 05:02:00,2025-08-21 12:04:57.236329,OnTime,13.55,0,0,3.48,21.6,1.5940959409594095,422.95393881666666,0.05106939081932211,0.1611111111111111,C0014,0,0.0,0,90.5
DL00192,O00118,D095,V112,H04,2025-08-18 22:16:00,2025-08-19 03:23:10.590397,OnTime,14.13,0,0,4.64,16.49,1.1670205237084217,307.17650661666664,0.05368249083116987,0.2813826561552456,C0087,0,0.0,0,97.75
DL00193,O00032,D017,V013,H08,2025-09-16 00:28:00,2025-09-15 23:38:00.000000,OnTime,14.01,4,0,3.54,9.08,0.648108493932905,-50.0,,0.3898678414096916,C0297,0,0.28551034975017847,0,87.48
DL00194,O00422,D053,V110,H01,2025-08-07 09:57:00,2025-08-07 22:44:40.533037,Delayed,8.77,2,0,2.58,9.97,1.136830102622577,767.6755506166667,0.012987257431855413,0.25877632898696085,C0034,0,0.22805017103762829,0,57.17
DL00195,O00462,D162,V028,H06,2025-03-03 20:56:00,2025-03-04 07:39:20.158477,Delayed,13.0,1,0,1.04,10.71,0.8238461538461539,643.3359746166667,0.01664760004503336,0.09710550887021475,C0381,0,0.07692307692307693,0,49.34
DL00196,O00469,D111,V009,H08,2024-09-19 00:27:00,2024-09-19 00:29:59.873621,OnTime,13.83,1,0,3.85,12.41,0.8973246565437455,2.9978936833333334,4.1395730839265195,0.31023368251410155,C0186,1,0.07230657989877079,0,91.95
DL00197,O00478,D163,V053,H02,2025-04-21 00:07:00,2025-04-21 01:03:50.907972,OnTime,11.17,0,0,5.0,2.84,0.2542524619516562,56.8484662,0.04995737246469457,1.7605633802816902,C0521,0,0.0,0,100.0
DL00198,O00465,D156,V111,H04,2024-12-08 07:33:00,2024-12-08 12:46:07.626495,Delayed,8.01,0,0,3.38,10.98,1.3707865168539326,313.12710825,0.035065632168881374,0.30783242258652094,C0149,0,0.0,0,64.88
DL00199,O00821,D086,V088,H05,2025-01-25 03:15:00,2025-01-25 08:28:34.398516,OnTime,24.31,1,0,4.36,18.49,0.7605923488276429,313.5733086,0.05896547790547501,0.23580313683071935,C0266,0,0.04113533525298231,0,95.51
DL00200,O00406,D160,V106,H06,2025-01-05 13:23:00,2025-01-05 14:10:14.767186,OnTime,31.46,2,0,4.38,16.38,0.5206611570247933,47.246119766666666,0.3466951377360835,0.2673992673992674,C0631,0,0.06357279084551812,0,95.37
DL00201,O00008,D036,V041,H03,2024-04-03 20:22:00,2024-04-03 20:46:56.611810,OnTime,14.08,0,0,5.0,12.87,0.9140624999999999,24.943530166666665,0.515965459339787,0.38850038850038854,C0157,0,0.0,0,100.0
DL00202,O01057,D028,V054,H06,2025-03-23 12:38:00,2025-03-23 18:02:58.624138,Delayed,19.31,2,0,3.67,17.41,0.901605385810461,324.97706896666665,0.053573010721521916,0.21079839172889145,C0579,1,0.1035732780942517,0,65.46
DL00203,O00901,D107,V086,H08,2025-12-08 09:18:00,2025-12-08 16:36:10.578825,Delayed,9.36,2,0,4.52,7.69,0.8215811965811967,438.17631375,0.017550012994055866,0.5877763328998699,C0222,0,0.2136752136752137,0,69.46
DL00204,O00025,D108,V062,H08,2025-01-10 22:15:00,2025-01-11 05:19:27.680020,OnTime,11.32,1,0,4.64,15.67,1.3842756183745584,424.4613336666667,0.036917379174767874,0.29610721123165284,C0297,0,0.08833922261484099,0,96.7
DL00205,O00375,D039,V024,H03,2024-09-17 23:26:00,2024-09-18 02:13:34.429413,OnTime,7.16,3,0,4.17,12.58,1.7569832402234637,167.57382355,0.07507139082642243,0.3314785373608903,C0012,0,0.41899441340782123,0,89.84
DL00206,O00634,D045,V107,H02,2024-07-07 14:19:00,2024-07-07 17:45:48.033486,OnTime,17.47,1,0,4.49,15.56,0.8906697195191758,206.8005581,0.07524157643943999,0.288560411311054,C0536,0,0.057240984544934176,0,96.13
DL00207,O01035,D121,V114,H04,2024-03-17 00:24:00,2024-03-17 06:31:20.483060,OnTime,18.52,1,0,4.4,11.28,0.6090712742980562,367.34138433333334,0.030707130971565917,0.39007092198581567,C0508,1,0.05399568034557235,0,95.61
DL00208,O00964,D087,V018,H01,2024-04-13 03:27:00,2024-04-13 22:30:31.511760,Failed,21.73,0,1,3.09,13.36,0.6148182236539346,1143.525196,0.011683170643491444,0.2312874251497006,C0247,1,0.0,1,63.06
DL00209,O01154,D057,V107,H06,2024-09-05 16:29:00,,OnTime,11.22,1,0,4.31,13.88,1.2370766488413547,,,0.3105187319884726,C0588,1,0.08912655971479501,0,94.63
DL00210,O01191,D142,V016,H02,2024-02-19 19:24:00,2024-02-19 23:40:57.531907,Delayed,16.24,3,0,3.43,13.43,0.8269704433497538,256.9588651166667,0.05226517479325882,0.25539836187639614,C0258,0,0.1847290640394089,0,62.99
DL00211,O01017,D102,V006,H08,2025-12-30 15:47:00,2025-12-30 19:01:17.386185,OnTime,12.39,1,0,4.57,13.18,1.0637610976594027,194.28976975,0.06783681928780504,0.34673748103186647,C0201,0,0.08071025020177562,0,96.35
DL00212,O01105,D142,V041,H01,2025-06-18 18:46:00,2025-06-19 18:15:30.156582,Delayed,13.85,1,1,4.29,11.45,0.8267148014440433,1409.5026097,0.008123432990618604,0.37467248908296946,C0239,0,0.07220216606498195,1,69.71
DL00213,O00807,D025,V073,H02,2025-10-16 07:59:00,2025-10-16 10:10:20.184358,OnTime,8.57,0,0,4.33,10.42,1.2158693115519252,131.33640596666666,0.07933824535022382,0.41554702495201534,C0162,0,0.0,0,95.81
DL00214,O00552,D096,V010,H04,2025-11-09 03:20:00,2025-11-09 06:33:06.774900,OnTime,6.09,0,0,3.02,7.3,1.1986863711001643,193.112915,0.03780171823308659,0.4136986301369863,C0341,0,0.0,0,87.62
DL00215,O01042,D100,V102,H06,2024-08-26 13:15:00,2024-08-27 08:07:20.123858,Delayed,22.0,1,0,4.79,19.64,0.8927272727272727,1132.3353976333333,0.017344684305594514,0.24389002036659876,C0571,0,0.045454545454545456,0,73.15
DL00216,O00167,D146,V019,H07,2024-04-27 21:19:00,2024-04-28 19:51:43.999646,OnTime,30.01,0,0,3.37,18.54,0.6177940686437854,1352.7333274333334,0.013705583816122623,0.1817691477885653,C0325,0,0.0,0,89.81
DL00217,O01194,D020,V030,H01,2024-08-08 01:50:00,2024-08-08 01:09:07.153624,OnTime,22.61,1,0,4.41,12.17,0.5382574082264485,-40.88077293333333,,0.36236647493837304,C0229,0,0.044228217602830605,0,95.79
DL00218,O00136,D149,V010,H03,2024-11-27 17:12:00,2024-11-27 22:54:50.864773,Delayed,3.51,1,0,3.27,4.15,1.1823361823361824,342.8477462166667,0.012104498413057553,0.7879518072289156,C0413,1,0.2849002849002849,0,60.8
DL00219,O00513,D087,V118,H07,2024-08-07 05:33:00,2024-08-07 09:00:38.553343,OnTime,14.41,1,0,4.59,12.65,0.8778625954198473,207.64255571666666,0.06092200106254343,0.3628458498023715,C0202,0,0.06939625260235947,0,96.61
DL00220,O00859,D079,V107,H08,2024-03-21 03:17:00,2024-03-21 07:59:50.954517,OnTime,33.71,4,0,5.0,13.79,0.40907742509641054,282.84924195,0.04875388707047584,0.36258158085569253,C0476,1,0.11865915158706615,0,98.59
DL00221,O00594,D151,V092,H02,2024-03-11 21:43:00,2024-03-11 22:58:44.220273,OnTime,12.09,3,0,3.25,11.03,0.91232423490488,75.73700455,0.1456355458673867,0.2946509519492294,C0116,0,0.24813895781637718,0,86.12
DL00222,O01010,D121,V045,H06,2024-05-18 21:01:00,2024-05-18 23:50:57.890175,OnTime,9.72,0,0,5.0,8.53,0.8775720164609052,169.96483625,0.05018685151705902,0.5861664712778429,C0018,0,0.0,0,100.0
DL00223,O00740,D155,V085,H08,2024-05-22 15:11:00,2024-05-22 20:28:55.835439,Delayed,12.99,0,0,3.19,12.3,0.9468822170900694,317.93059065,0.03868768958297785,0.25934959349593495,C0151,0,0.0,0,63.69
DL00224,O00960,D034,V040,H07,2025-01-20 03:14:00,2025-01-20 03:27:00.000000,OnTime,11.88,0,0,3.79,14.2,1.195286195286195,13.0,1.0923076923076922,0.26690140845070426,C0554,0,0.0,0,92.44
DL00225,O00056,D150,V044,H05,2025-10-05 20:44:00,2025-10-06 00:53:02.095072,OnTime,6.21,2,0,3.98,14.94,2.4057971014492754,249.03491786666666,0.05999158723596696,0.26639892904953144,C0271,0,0.322061191626409,0,89.8
DL00226,O00823,D119,V030,H06,2025-02-05 21:33:00,2025-02-06 09:56:15.951005,Delayed,9.28,0,0,2.17,10.29,1.1088362068965516,743.2658500833334,0.013844306177724036,0.2108843537414966,C0264,0,0.0,0,57.31
DL00227,O01138,D083,V114,H04,2024-02-08 18:51:00,2024-02-08 20:38:03.973692,OnTime,16.490000000000002,2,0,4.65,13.68,0.8295936931473619,107.0662282,0.12777138253573034,0.33991228070175444,C0409,0,0.12128562765312309,0,96.37
DL00228,O01094,D052,V085,H04,2024-08-22 11:22:00,2024-08-22 10:34:20.985351,OnTime,6.68,2,0,4.05,11.59,1.7350299401197606,-47.65024415,,0.34943917169974115,C0204,1,0.29940119760479045,0,90.51
DL00229,O00518,D050,V036,H02,2025-12-11 02:26:00,2025-12-11 13:40:02.515856,OnTime,14.89,0,0,3.97,13.89,0.9328408327736736,674.0419309333333,0.0206070265996164,0.28581713462922964,C0112,0,0.0,0,93.56
DL00230,O00303,D055,V037,H06,2025-07-22 05:41:00,2025-07-23 00:56:58.415169,Failed,14.85,1,0,2.34,13.21,0.8895622895622897,1155.97358615,0.011427596753310123,0.1771385314155942,C0514,1,0.06734006734006734,0,57.58
DL00231,O00670,D014,V046,H05,2024-03-27 23:40:00,2024-03-28 02:54:39.523324,OnTime,13.07,0,0,4.72,3.86,0.2953328232593726,194.65872206666666,0.01982957639410593,1.2227979274611398,C0305,0,0.0,0,98.25
DL00232,O00397,D050,V101,H06,2025-06-18 19:47:00,2025-06-19 09:18:18.249166,OnTime,29.8,1,0,3.71,14.58,0.4892617449664429,811.3041527666667,0.01797106541397582,0.25445816186556924,C0417,0,0.03355704697986577,0,91.54
DL00233,O01173,D094,V020,H04,2024-02-08 11:24:00,2024-02-08 17:48:05.084656,OnTime,5.36,0,0,4.5,11.41,2.128731343283582,384.0847442666667,0.029706985685633316,0.3943908851884312,C0194,0,0.0,0,96.88
DL00234,O00340,D056,V028,H01,2025-02-10 03:37:00,2025-02-10 06:18:46.049848,OnTime,13.52,1,0,2.88,6.77,0.5007396449704142,161.76749746666667,0.0418501868794441,0.4254062038404727,C0127,0,0.07396449704142012,0,85.87
DL00235,O00507,D022,V109,H05,2025-12-13 06:42:00,2025-12-14 03:05:08.091772,Failed,18.87,0,0,3.68,19.15,1.014838367779544,1223.1348628666667,0.015656491022680897,0.19216710182767627,C0484,1,0.0,0,66.75
DL00236,O00013,D163,V009,H07,2024-03-29 22:48:00,2024-03-30 20:39:02.394303,OnTime,20.12,2,0,3.74,17.02,0.8459244532803181,1311.03990505,0.012982060984139836,0.21974148061104584,C0234,0,0.09940357852882703,0,90.94
DL00237,O00082,D135,V099,H06,2024-07-30 05:49:00,2024-07-30 15:01:15.776025,OnTime,12.83,1,0,3.62,20.26,1.5791114575214342,552.26293375,0.03668542420985899,0.1786771964461994,C0531,0,0.0779423226812159,0,90.45
DL00238,O00979,D146,V077,H04,2025-01-08 05:27:00,2025-01-08 15:41:00.475033,OnTime,14.2,2,0,4.02,13.01,0.9161971830985915,614.0079172166667,0.021188651864580316,0.30899308224442734,C0257,1,0.14084507042253522,0,92.2
DL00239,O00052,D019,V010,H06,2024-08-14 09:02:00,2024-08-15 01:09:18.015871,Delayed,13.6,1,0,3.72,16.0,1.1764705882352942,967.3002645166666,0.016540882481816295,0.2325,C0150,0,0.07352941176470588,0,66.13
DL00240,O01169,D131,V070,H06,2025-11-06 15:56:00,2025-11-07 02:10:49.323911,Failed,38.25,1,0,3.34,21.21,0.5545098039215687,614.8220651833333,0.03449778594669566,0.15747289014615745,C0158,1,0.026143790849673203,0,64.31
DL00241,O00187,D155,V084,H07,2024-12-30 18:28:00,2024-12-31 04:43:09.844483,OnTime,10.78,0,0,5.0,15.96,1.4805194805194808,615.1640747166666,0.025944297880774143,0.3132832080200501,C0070,0,0.0,0,100.0
DL00242,O00119,D137,V108,H07,2024-05-25 22:51:00,2024-05-26 08:01:37.790962,Delayed,4.26,2,0,1.93,17.11,4.016431924882629,550.6298493666667,0.031073506130624567,0.11279953243717125,C0229,0,0.4694835680751174,0,50.24
DL00243,O00544,D099,V079,H04,2024-06-14 20:33:00,2024-06-15 20:11:53.741981,OnTime,14.39,1,0,4.52,10.27,0.7136900625434329,1418.8956996833333,0.007238023205153162,0.4401168451801363,C0212,0,0.06949270326615706,0,96.17
DL00244,O00610,D024,V077,H03,2024-07-21 19:36:00,2024-07-22 17:48:27.423191,OnTime,6.55,0,0,4.87,10.1,1.5419847328244274,1332.4570531833333,0.007579981640586758,0.4821782178217822,C0635,0,0.0,0,99.19
DL00245,O01206,D047,V061,H01,2024-11-16 00:30:00,2024-11-16 03:42:19.846988,OnTime,16.57,1,0,4.28,17.58,1.0609535304767652,192.33078313333334,0.09140502478905138,0.24345847554038685,C0236,0,0.060350030175015085,0,94.78
DL00246,O00603,D016,V061,H05,2024-02-25 01:31:00,2024-02-25 21:51:52.790634,OnTime,20.51,0,0,4.05,12.98,0.6328620185275475,1220.8798439,0.01063167687209616,0.31201848998459164,C0351,1,0.0,0,94.06
DL00247,O00881,D056,V100,H08,2024-12-31 12:39:00,2024-12-31 18:10:16.768203,OnTime,11.09,0,0,,5.77,0.5202885482416592,331.27947005,0.017417318372095723,,C0545,0,0.0,0,87.5
DL00248,O00799,D099,V047,H02,2025-08-22 18:02:00,2025-08-23 17:33:16.669312,OnTime,7.06,1,0,5.0,13.65,1.9334277620396603,1411.2778218666667,0.009672085671937678,0.3663003663003663,C0289,0,0.141643059490085,0,98.32
DL00249,O00770,D139,V107,H06,2024-07-20 09:45:00,2024-07-20 17:43:30.442864,Delayed,15.28,0,1,3.02,15.91,1.0412303664921467,478.50738106666665,0.03324922588348409,0.18981772470144564,C0096,0,0.0,1,62.62
DL00250,O00977,D092,V067,H03,2024-08-27 17:43:00,2024-08-27 19:38:27.825277,OnTime,6.39,0,0,4.03,7.45,1.1658841940532083,115.46375461666666,0.06452241246383847,0.5409395973154363,C0235,1,0.0,0,93.94
DL00251,O00122,D005,V030,H06,2024-02-10 16:00:00,2024-02-11 06:46:03.568269,Failed,14.27,0,0,3.89,16.33,1.1443587946741414,886.05947115,0.01842991416682855,0.23821187997550525,C0597,1,0.0,0,68.06
DL00252,O00713,D109,V001,H05,2024-07-10 01:06:00,2024-07-10 05:10:04.532246,OnTime,11.34,0,0,4.06,10.82,0.9541446208112875,244.07553743333332,0.044330538462730495,0.3752310536044362,C0316,0,0.0,0,94.12
DL00253,O00325,D126,V033,H08,2024-09-30 05:43:00,2024-09-30 07:09:22.633894,OnTime,5.12,1,0,4.24,9.16,1.7890625,86.37723156666667,0.10604646425754263,0.462882096069869,C0259,0,0.1953125,0,92.93
DL00254,O00933,D053,V084,H05,2024-12-29 13:26:00,2024-12-29 18:18:06.932349,OnTime,11.34,1,0,4.09,12.33,1.0873015873015872,292.11553915,0.042209325925891945,0.3317112733171127,C0534,0,0.08818342151675485,0,93.27
DL00255,O00908,D154,V032,H06,2025-07-02 02:14:00,2025-07-02 12:52:13.920416,Delayed,28.05,3,0,3.35,18.76,0.6688057040998218,638.2320069333333,0.02939369977720278,0.17857142857142855,C0167,0,0.10695187165775401,0,63.42
DL00256,O00389,D105,V088,H01,2025-01-22 12:35:00,2025-01-22 19:44:37.435823,Delayed,8.17,1,0,3.16,14.91,1.824969400244798,429.62393038333335,0.03470477072051481,0.2119382964453387,C0361,0,0.12239902080783353,0,62.05
DL00257,O00103,D034,V038,H02,2024-01-26 14:25:00,2024-01-27 12:53:16.844122,Delayed,15.88,1,0,3.54,14.05,0.8847607052896725,1348.2807353666667,0.01042067844734063,0.25195729537366546,C0456,0,0.06297229219143577,0,65.13
DL00258,O01230,D003,V093,H02,2024-05-26 21:11:00,2024-05-27 03:52:09.653128,Delayed,15.09,2,0,3.74,8.22,0.5447316103379722,401.1608854666667,0.02049053209770876,0.45498783454987834,C0564,0,0.13253810470510272,0,65.55
DL00259,O00266,D120,V096,H06,2024-10-04 19:45:00,2024-10-05 01:21:38.291899,Delayed,16.86,1,0,1.0,19.95,1.1832740213523132,336.63819831666666,0.05926243694197045,0.050125313283208024,C0345,0,0.05931198102016608,0,49.3
DL00260,O00152,D001,V114,H04,2024-09-03 19:25:00,2024-09-04 16:41:43.922337,OnTime,21.6,0,0,3.32,17.16,0.7944444444444444,1276.73203895,0.013440565033609238,0.19347319347319347,C0239,0,0.0,0,89.5
DL00261,O00445,D051,V079,H02,2025-04-19 01:20:00,2025-04-19 11:53:50.948058,Failed,10.73,1,1,3.18,9.58,0.8928238583410997,633.8491343,0.015114006601239276,0.33194154488517746,C0054,1,0.09319664492078285,1,62.52
DL00262,O00762,D134,V038,H08,2025-04-09 22:31:00,2025-04-09 23:27:49.931018,OnTime,5.51,0,0,4.14,10.11,1.8348457350272231,56.83218363333334,0.17789216168829838,0.4094955489614243,C0118,0,0.0,0,94.62
DL00263,O01006,D048,V098,H01,2025-12-29 14:58:00,2025-12-30 04:56:17.180320,Delayed,15.66,1,0,2.55,9.31,0.5945083014048531,838.2863386666667,0.011105990364590682,0.2738990332975295,C0112,0,0.06385696040868455,0,58.93
DL00264,O00802,D073,V067,H08,2024-02-14 07:30:00,2024-02-15 08:17:05.653632,OnTime,11.61,0,0,4.33,11.38,0.9801894918173989,1487.0942272,0.007652507683677196,0.3804920913884007,C0187,1,0.0,0,95.81
DL00265,O00253,D119,V054,H03,2024-06-28 11:02:00,2024-06-28 13:40:12.117454,OnTime,14.43,0,0,4.54,15.01,1.0401940401940402,158.20195756666666,0.09487872483293863,0.30246502331778813,C0543,0,0.0,0,97.12
DL00266,O01041,D154,V058,H06,2024-07-03 16:53:00,,OnTime,9.09,0,0,4.73,15.87,1.7458745874587458,,,0.29804662885948335,C0551,0,0.0,0,98.31
DL00267,O00665,D090,V015,H08,2024-02-17 14:27:00,2024-02-17 16:12:15.501233,OnTime,7.98,1,0,4.96,8.83,1.106516290726817,105.25835388333333,0.0838888285274443,0.5617214043035107,C0522,0,0.12531328320802004,0,98.26
DL00268,O00030,D008,V056,H02,2025-10-05 03:47:00,,OnTime,8.7,1,0,3.88,15.46,1.7770114942528739,,,0.2509702457956015,C0406,0,0.1149425287356322,0,91.64
DL00269,O00131,D085,V052,H06,2024-06-29 23:38:00,2024-07-01 10:09:10.323380,Delayed,16.05,1,0,1.96,13.91,0.8666666666666666,2071.1720563333333,0.006716004089310354,0.1409058231488138,C0478,0,0.06230529595015576,0,55.26
DL00270,O00764,D104,V023,H08,2024-07-14 11:50:00,2024-07-15 02:05:57.442199,Failed,5.37,1,0,4.29,12.93,2.4078212290502794,855.9573699833334,0.015105892481832086,0.3317865429234339,C0452,1,0.186219739292365,0,68.35
DL00271,O00193,D036,V017,H06,2024-01-22 16:51:00,2024-01-23 01:31:56.632521,Delayed,9.24,2,0,4.25,2.78,0.30086580086580084,520.94387535,0.005336467384576191,1.5287769784172662,C0114,0,0.21645021645021645,0,67.74
DL00272,O00494,D132,V028,H05,2025-09-02 15:53:00,2025-09-02 15:52:14.905393,OnTime,21.67,1,0,4.27,20.58,0.9497000461467465,-0.7515767833333333,,0.20748299319727892,C0304,0,0.046146746654360866,0,94.89
DL00273,O00492,D071,V049,H01,2025-10-16 03:34:00,2025-10-16 06:45:29.870072,OnTime,9.75,0,0,2.95,14.1,1.4461538461538461,191.49783453333333,0.0736300754228407,0.2092198581560284,C0243,1,0.0,0,87.19
DL00274,O01198,D080,V080,H02,2025-01-13 05:25:00,2025-01-13 06:53:29.209324,OnTime,9.06,0,0,4.14,6.22,0.6865342163355408,88.48682206666666,0.07029295272140978,0.6655948553054662,C0013,0,0.0,0,94.62
DL00275,O00697,D002,V012,H07,2025-02-09 18:46:00,2025-02-09 23:36:15.049502,OnTime,1.96,0,0,4.25,8.32,4.244897959183674,290.25082503333334,0.028664862534135794,0.5108173076923077,C0454,0,0.0,0,95.31
DL00276,O00531,D119,V014,H02,2025-04-26 10:59:00,2025-04-27 08:38:51.218057,OnTime,30.31,2,0,4.17,18.74,0.6182777961068954,1299.8536342833333,0.014417007812062,0.2225186766275347,C0013,0,0.06598482349059717,0,94.03
DL00277,O00942,D104,V117,H04,2025-01-09 09:51:00,2025-01-09 19:32:27.546472,OnTime,7.7,2,0,4.03,12.17,1.5805194805194804,581.4591078666666,0.020930104688962378,0.3311421528348398,C0291,0,0.2597402597402597,0,90.85
DL00278,O00203,D135,V070,H07,2024-07-05 21:38:00,2024-07-06 14:21:54.442674,Failed,3.93,2,0,3.49,3.82,0.9720101781170483,1003.9073779,0.0038051319116617875,0.9136125654450262,C0336,1,0.5089058524173028,0,59.52
DL00279,O00201,D032,V111,H01,2025-05-13 17:15:00,2025-05-13 20:41:51.542934,OnTime,11.65,2,0,4.15,8.01,0.6875536480686695,206.8590489,0.03872201889448018,0.5181023720349563,C0486,0,0.17167381974248927,0,92.65
DL00280,O00535,D037,V010,H03,2024-12-18 08:55:00,,OnTime,13.44,1,0,4.63,15.09,1.1227678571428572,,,0.30682571239231277,C0093,1,0.0744047619047619,0,96.8
DL00281,O00801,D123,V046,H02,2024-03-29 16:47:00,2024-03-29 19:57:12.212231,OnTime,24.03,1,0,4.79,22.2,0.9238451935081148,190.20353718333334,0.1167170722939914,0.21576576576576578,C0138,0,0.04161464835622139,0,98.19
DL00282,O01232,D045,V114,H03,2024-01-18 22:52:00,2024-01-19 02:56:30.044466,OnTime,14.86,1,0,3.5,16.26,1.09421265141319,244.5007411,0.0665028659089001,0.2152521525215252,C0189,0,0.06729475100942127,0,89.83
DL00283,O01212,D142,V068,H08,2024-08-01 12:31:00,,OnTime,18.32,2,0,3.76,18.79,1.025655021834061,,,0.20010643959552954,C0262,0,0.1091703056768559,0,90.95
DL00284,O00999,D089,V075,H03,2024-06-30 12:34:00,2024-07-01 08:34:00.640399,OnTime,2.53,0,0,3.73,4.03,1.5928853754940713,1200.0106733166667,0.003358303463136396,0.9255583126550868,C0613,1,0.0,0,92.06
DL00285,O00442,D001,V097,H07,2025-06-22 14:54:00,2025-06-22 17:41:05.902000,OnTime,9.22,0,0,4.95,8.62,0.9349240780911061,167.09836666666666,0.051586380956047645,0.5742459396751741,C0080,0,0.0,0,99.69
DL00286,O00059,D038,V047,H05,2025-11-20 19:24:00,,Delayed,13.74,0,1,3.32,7.06,0.5138282387190684,,,0.4702549575070822,C0640,1,0.0,1,64.5
DL00287,O00352,D138,V099,H01,2024-05-19 17:01:00,2024-05-19 21:25:24.547937,OnTime,36.08,2,0,4.24,24.5,0.6790465631929047,264.40913228333335,0.0926594319508847,0.17306122448979594,C0097,0,0.05543237250554324,0,94.59
DL00288,O00636,D004,V064,H03,2024-06-20 10:05:00,2024-06-20 21:12:47.425266,Delayed,14.61,0,0,1.0,15.39,1.053388090349076,667.7904211,0.02304615267563921,0.0649772579597141,C0208,0,0.0,0,50.0
DL00289,O00233,D027,V095,H01,2024-12-24 20:17:00,2024-12-24 18:09:00.000000,OnTime,13.45,3,0,4.34,9.29,0.6907063197026022,-128.0,,0.4671689989235738,C0252,0,0.2230483271375465,0,93.23
DL00290,O00524,D035,V083,H03,2025-06-20 16:54:00,2025-06-20 19:14:45.474692,OnTime,30.93,0,0,5.0,19.1,0.6175234400258649,140.75791153333333,0.13569397124421578,0.2617801047120419,C0052,0,0.0,0,100.0
DL00291,O00485,D100,V068,H04,2024-11-27 02:51:00,2024-11-27 04:40:02.445388,OnTime,17.86,1,0,3.97,19.28,1.0795072788353863,109.04075646666666,0.17681462074131724,0.2059128630705394,C0168,0,0.055991041433370664,0,92.9
DL00292,O00811,D149,V103,H01,2024-05-09 08:13:00,2024-05-09 11:59:25.379839,OnTime,15.21,1,0,4.41,18.9,1.242603550295858,226.42299731666665,0.08347208642224258,0.23333333333333336,C0267,0,0.06574621959237344,0,95.53
DL00293,O00888,D098,V104,H07,2024-06-13 07:40:00,2024-06-13 10:45:19.325161,OnTime,16.53,1,0,3.97,12.62,0.76346037507562,185.32208601666667,0.0680976578197217,0.31458003169572113,C0254,0,0.060496067755595885,0,92.84
DL00294,O00443,D093,V100,H08,2025-10-20 02:48:00,2025-10-20 11:47:02.861673,OnTime,12.21,0,0,4.39,15.82,1.2956592956592956,539.04769455,0.0293480524264307,0.2774968394437421,C0378,0,0.0,0,96.19
DL00295,O01101,D131,V087,H07,2024-01-14 09:50:00,2024-01-14 14:16:20.091051,OnTime,20.39,2,0,5.0,18.38,0.9014222658165767,266.33485085,0.06901087086928638,0.2720348204570185,C0023,0,0.0980872976949485,0,98.84
DL00296,O01064,D062,V044,H03,2025-12-22 19:59:00,2025-12-23 10:18:27.445268,Delayed,16.44,2,0,4.7,11.33,0.6891727493917275,859.4574211333334,0.013182735667183566,0.4148278905560459,C0095,0,0.121654501216545,0,71.68
DL00297,O01109,D107,V018,H01,2025-12-08 15:52:00,,OnTime,33.69,1,0,3.55,22.27,0.6610270109824874,,,0.15940727436012572,C0598,0,0.029682398337785694,0,90.59
DL00298,O01051,D111,V109,H05,2025-06-06 07:00:00,2025-06-06 23:06:57.382276,Delayed,11.95,0,0,3.03,8.36,0.699581589958159,966.9563712666667,0.0086456847986314,0.3624401913875598,C0288,1,0.0,0,62.69
DL00299,O01061,D121,V088,H07,2024-04-29 22:39:00,2024-04-29 23:45:53.493983,OnTime,15.83,3,0,4.49,12.5,0.7896399241945673,66.89156638333333,0.18686959621137672,0.3592,C0535,0,0.18951358180669614,0,94.56
DL00300,O00222,D039,V056,H05,2024-09-25 13:54:00,2024-09-25 13:33:56.991734,OnTime,10.01,1,0,3.41,14.32,1.4305694305694305,-20.050137766666666,,0.23812849162011174,C0266,0,0.0999000999000999,0,88.88
DL00301,O01152,D165,V009,H04,2025-03-13 00:37:00,2025-03-13 23:37:06.560164,OnTime,9.27,0,0,5.0,9.21,0.9935275080906151,1380.1093360666666,0.006673384317686486,0.5428881650380021,C0247,1,0.0,0,100.0
DL00302,O01208,D117,V008,H06,2024-04-18 21:38:00,2024-04-19 09:44:14.799027,OnTime,14.89,0,0,3.6,10.25,0.6883814640698455,726.24665045,0.014113662339989936,0.351219512195122,C0098,0,0.0,0,91.25
DL00303,O00813,D143,V005,H06,2025-10-14 00:12:00,2025-10-14 05:00:10.581519,OnTime,10.29,1,0,5.0,18.54,1.8017492711370262,288.17635865,0.06433560367981976,0.2696871628910464,C0642,0,0.09718172983479106,0,98.85
DL00304,O00433,D036,V024,H08,2024-10-29 16:23:00,2024-10-30 06:42:08.707870,Failed,11.81,0,1,2.83,10.31,0.8729889923793396,859.1451311666667,0.012000300794348504,0.27449078564500484,C0633,1,0.0,1,61.44
DL00305,O00584,D028,V045,H06,2024-07-06 01:06:00,2024-07-06 04:24:49.446131,OnTime,27.25,0,0,3.81,15.04,0.5519266055045872,198.82410218333334,0.0756447524965147,0.2533244680851064,C0377,0,0.0,0,92.56
DL00306,O01168,D136,V099,H07,2024-12-15 22:14:00,2024-12-16 09:57:18.304523,Delayed,34.53,4,1,2.96,19.47,0.5638575152041703,703.3050753833334,0.027683576703023165,0.15202876219825373,C0575,0,0.11584129742253113,1,60.87
DL00307,O00699,D089,V021,H03,2024-09-22 15:57:00,2024-09-23 01:06:05.325869,OnTime,11.84,1,0,3.9,12.44,1.0506756756756757,549.0887644833333,0.022655717626466922,0.31350482315112543,C0310,0,0.08445945945945946,0,92.12
DL00308,O00495,D146,V046,H01,2024-01-16 01:13:00,2024-01-16 07:46:08.760014,OnTime,8.6,0,0,3.55,10.89,1.266279069767442,393.1460002333333,0.027699633198701636,0.3259871441689623,C0590,1,0.0,0,90.94
DL00309,O00783,D164,V089,H02,2024-06-28 23:56:00,2024-06-29 03:09:24.133659,OnTime,10.02,0,0,3.2,6.99,0.6976047904191617,193.40222765,0.036142293110758804,0.45779685264663805,C0507,0,0.0,0,88.75
DL00310,O00285,D149,V077,H08,2025-01-05 13:48:00,2025-01-05 21:27:35.577931,OnTime,9.55,2,0,4.67,12.27,1.2848167539267015,459.59296551666665,0.026697536560870275,0.3806030969845151,C0180,0,0.20942408376963348,0,95.45
DL00311,O00797,D086,V077,H05,2025-03-23 04:36:00,2025-03-23 08:18:19.597633,OnTime,8.21,2,0,5.0,10.01,1.2192448233861144,222.32662721666668,0.04502384678486951,0.4995004995004995,C0231,0,0.24360535931790497,0,97.11
DL00312,O00204,D142,V043,H03,2025-10-22 23:06:00,2025-10-23 17:41:31.231144,Failed,31.38,0,0,4.79,14.35,0.4572976418100701,1115.5205190666666,0.012863949837521907,0.3337979094076655,C0355,1,0.0,0,73.69
DL00313,O00601,D136,V005,H08,2025-05-23 04:56:00,2025-05-23 11:22:17.637305,OnTime,17.43,2,0,3.9,12.77,0.7326448651749856,386.29395508333334,0.03305772671810303,0.3054032889584965,C0335,0,0.11474469305794607,0,91.76
DL00314,O00499,D078,V092,H08,2024-06-11 07:00:00,2024-06-11 09:11:43.991103,OnTime,5.63,2,0,4.16,6.47,1.1492007104795736,131.73318505,0.049114427754436196,0.642967542503864,C0198,1,0.3552397868561279,0,90.53
DL00315,O01107,D082,V041,H04,2024-01-25 08:28:00,2024-01-26 02:41:51.339470,Delayed,37.41,2,0,4.22,17.73,0.47393744987971137,1093.8556578333332,0.016208719928476573,0.23801466441060348,C0182,1,0.05346164127238707,0,69.49
DL00316,O00081,D108,V095,H08,2025-04-17 15:01:00,2025-04-18 07:30:05.752336,Failed,7.85,1,0,4.11,9.08,1.156687898089172,989.0958722666667,0.00918010099384175,0.4526431718061674,C0004,1,0.12738853503184713,0,67.92
DL00317,O00711,D105,V106,H06,2024-12-15 15:16:00,2024-12-15 16:55:42.081483,OnTime,13.76,1,0,4.67,13.99,1.0167151162790697,99.70135805,0.14031905155177574,0.33380986418870623,C0412,1,0.07267441860465117,0,97.07
DL00318,O00281,D054,V041,H03,2024-12-03 07:14:00,2024-12-03 09:03:19.830677,OnTime,26.53,3,0,4.48,16.02,0.6038447041085563,109.33051128333334,0.14652817234599483,0.27965043695380776,C0437,1,0.11307953260459856,0,95.41
DL00319,O00937,D153,V103,H04,2024-04-24 08:08:00,2024-04-25 03:22:25.571685,Failed,1.2,0,0,2.72,10.96,9.133333333333335,1154.42619475,0.009493894066024269,0.24817518248175183,C0549,1,0.0,0,60.75
DL00320,O01030,D059,V006,H08,2025-08-29 10:29:00,2025-08-29 14:24:55.246235,OnTime,5.12,1,0,5.0,10.77,2.103515625,235.92077058333334,0.04565091904951945,0.46425255338904364,C0279,0,0.1953125,0,97.68
DL00321,O00438,D119,V052,H03,2025-12-29 18:51:00,2025-12-29 22:33:53.325115,OnTime,8.71,3,0,4.26,14.34,1.6463834672789894,222.88875191666668,0.0643370285700259,0.29707112970711297,C0491,0,0.3444316877152698,0,91.28
DL00322,O01025,D023,V030,H04,2024-04-29 16:53:00,2024-04-30 08:03:31.403272,Delayed,11.02,1,0,5.0,13.23,1.2005444646098005,910.5233878666667,0.014530104527021054,0.37792894935752075,C0390,0,0.09074410163339383,0,73.92
DL00323,O00666,D011,V107,H04,2025-08-26 20:36:00,2025-08-27 21:37:46.153565,OnTime,24.58,3,0,4.21,18.25,0.7424735557363711,1501.7692260833333,0.012152333183439003,0.23068493150684932,C0001,0,0.12205044751830757,0,93.61
DL00324,O00455,D042,V059,H07,2024-08-14 04:59:00,2024-08-14 10:11:51.273104,Failed,21.07,1,0,3.21,12.52,0.5942097769340294,312.8545517333333,0.04001859627943539,0.2563897763578275,C0178,1,0.04746084480303749,0,63.25
DL00325,O00582,D108,V001,H08,2024-11-06 12:05:00,2024-11-06 11:51:52.065126,OnTime,14.87,0,0,5.0,14.0,0.941492938802959,-13.1322479,,0.35714285714285715,C0275,0,0.0,0,100.0
DL00326,O00500,D137,V103,H07,2024-07-30 17:04:00,2024-07-31 05:16:59.302762,OnTime,17.24,0,0,4.02,17.18,0.9965197215777263,732.9883793666667,0.023438297909776216,0.23399301513387658,C0131,0,0.0,0,93.88
DL00327,O00418,D102,V023,H04,2025-11-07 07:55:00,2025-11-07 19:57:47.382670,OnTime,9.17,0,0,4.78,9.88,1.0774263904034898,722.7897111666666,0.013669259325859152,0.48380566801619435,C0467,1,0.0,0,98.62
DL00328,O00060,D009,V072,H02,2024-05-10 18:12:00,2024-05-10 23:00:20.975877,OnTime,4.02,1,0,3.26,8.95,2.22636815920398,288.34959795,0.031038711562732735,0.3642458100558659,C0258,0,0.24875621890547267,0,86.17
DL00329,O00805,D100,V047,H08,2025-10-01 20:47:00,2025-10-01 23:37:09.410468,OnTime,1.62,0,0,4.03,11.74,7.246913580246913,170.15684113333333,0.06899516893828937,0.3432708688245315,C0426,0,0.0,0,93.94
DL00330,O00246,D049,V026,H04,2024-12-14 03:40:00,2024-12-14 21:45:40.052829,Failed,15.83,1,0,2.59,16.95,1.0707517372078332,1085.66754715,0.015612514203354116,0.1528023598820059,C0023,0,0.06317119393556538,0,59.19
DL00331,O01059,D005,V036,H07,2025-11-23 22:50:00,2025-11-24 01:57:10.991964,OnTime,12.94,2,0,3.72,15.48,1.1962905718701702,187.1831994,0.08269972972798754,0.24031007751937986,C0107,0,0.1545595054095827,0,90.16
DL00332,O00949,D121,V088,H06,2025-04-15 19:23:00,2025-04-16 22:34:29.222918,Delayed,5.96,1,0,3.42,9.99,1.6761744966442953,1631.4870486333334,0.006123248117947635,0.34234234234234234,C0023,0,0.16778523489932887,0,63.13
DL00333,O00930,D119,V063,H06,2025-08-20 08:58:00,2025-08-20 16:13:50.998376,Delayed,21.85,0,0,1.76,16.51,0.7556064073226545,435.84997293333333,0.03788000694111626,0.10660205935796487,C0370,0,0.0,0,54.75
DL00334,O00925,D018,V093,H03,2024-11-15 22:49:00,2024-11-16 17:18:41.963453,Failed,17.65,0,1,3.01,12.27,0.6951841359773372,1109.6993908833333,0.011057048513140969,0.24531377343113284,C0530,1,0.0,1,62.56
DL00335,O00347,D082,V069,H05,2025-09-01 08:39:00,2025-09-01 19:54:32.954454,OnTime,12.56,0,0,4.4,15.64,1.2452229299363058,675.5492409,0.023151532194993843,0.2813299232736573,C0004,1,0.0,0,96.25
DL00336,O00891,D076,V071,H03,2025-02-21 18:25:00,,OnTime,6.82,1,0,3.73,6.0,0.8797653958944281,,,0.6216666666666667,C0449,0,0.14662756598240467,0,90.32
DL00337,O00659,D116,V100,H06,2024-11-14 19:53:00,2024-11-15 05:59:09.777871,OnTime,23.37,1,0,4.48,14.95,0.639709028669234,606.1629645166666,0.02466333457360037,0.2996655518394649,C0002,0,0.042789901583226354,0,96.24
DL00338,O00331,D085,V053,H05,2024-02-23 09:42:00,2024-02-23 14:36:51.779770,OnTime,12.27,2,0,4.32,14.93,1.2167889160554197,294.8629961666667,0.050633684775966435,0.289350301406564,C0399,0,0.16299918500407498,0,93.81
DL00339,O00593,D073,V111,H04,2025-06-22 11:57:00,2025-06-22 16:52:49.829827,Delayed,4.33,0,0,1.57,12.76,2.946882217090069,295.83049711666666,0.043132807889538986,0.12304075235109718,C0406,0,0.0,0,53.56
DL00340,O00435,D086,V024,H05,2024-09-19 13:43:00,2024-09-19 14:58:25.664734,OnTime,22.6,0,0,3.8,20.75,0.9181415929203539,75.42774556666667,0.2750977089943667,0.18313253012048192,C0102,0,0.0,0,92.5
DL00341,O01203,D050,V037,H07,2024-11-13 21:57:00,2024-11-14 21:39:10.558162,OnTime,2.78,0,0,3.72,12.39,4.456834532374101,1422.1759693666668,0.008712002077715882,0.30024213075060535,C0445,0,0.0,0,92.0
DL00342,O00123,D028,V090,H08,2024-07-14 07:47:00,2024-07-15 04:17:08.927278,Failed,6.8,0,0,2.47,8.94,1.3147058823529412,1230.1487879666668,0.00726741357423688,0.2762863534675616,C0649,1,0.0,0,59.19
DL00343,O00505,D015,V012,H04,2025-03-29 21:38:00,2025-03-30 10:54:47.382876,OnTime,34.31,1,0,2.98,15.09,0.4398134654619644,796.7897146,0.018938497477437193,0.19748177601060304,C0319,0,0.029146021568055958,0,87.03
DL00344,O00238,D164,V081,H02,2024-08-28 12:22:00,2024-08-28 15:44:24.161498,OnTime,11.63,0,0,5.0,11.55,0.9931212381771282,202.40269163333335,0.05706445851482862,0.4329004329004329,C0141,0,0.0,0,100.0
DL00345,O01175,D036,V007,H06,2024-11-04 13:11:00,,OnTime,8.75,1,0,4.22,2.72,0.3108571428571429,,,1.551470588235294,C0623,0,0.11428571428571428,0,93.77
DL00346,O00614,D097,V060,H03,2025-02-06 00:08:00,2025-02-05 23:06:08.578620,OnTime,15.26,1,0,3.93,14.52,0.9515072083879423,-61.857023,,0.27066115702479343,C0393,0,0.0655307994757536,0,92.53
DL00347,O00343,D026,V030,H03,2024-12-09 02:01:00,2024-12-09 11:31:00.186861,Delayed,15.62,0,1,3.94,18.0,1.1523687580025608,570.00311435,0.03157877482919756,0.21888888888888888,C0184,0,0.0,1,68.38
DL00348,O00754,D098,V062,H01,2024-10-07 23:24:00,2024-10-08 16:07:55.556410,Delayed,2.21,4,0,2.89,13.34,6.036199095022624,1003.9259401666667,0.013287832763625334,0.2166416791604198,C0479,0,1.8099547511312217,0,40.32
DL00349,O00231,D016,V042,H07,2024-12-16 02:23:00,2024-12-16 09:57:31.805029,Delayed,15.82,0,0,2.75,11.11,0.7022756005056889,454.53008381666666,0.024442826548926922,0.24752475247524755,C0250,1,0.0,0,60.94
DL00350,O01209,D019,V017,H06,2025-06-14 03:56:00,2025-06-14 09:51:38.918546,Failed,13.23,1,0,3.05,11.77,0.8896447467876039,355.64864243333335,0.033094460643713255,0.25913338997451146,C0182,1,0.07558578987150416,0,61.91
DL00351,O00069,D142,V050,H07,2024-05-19 21:58:00,2024-05-20 09:27:10.018280,OnTime,33.129999999999995,0,0,4.53,22.56,0.6809538182915786,689.1669713333333,0.03273517295286671,0.20079787234042556,C0369,0,0.0,0,97.06
DL00352,O00989,D133,V112,H05,2024-03-08 14:47:00,2024-03-09 06:10:35.262310,Failed,9.57,0,0,2.25,15.47,1.6165099268547545,923.5877051666666,0.016749898156351434,0.14544279250161601,C0351,1,0.0,0,57.81
DL00353,O00159,D018,V014,H03,2024-09-14 23:08:00,2024-09-15 09:25:14.900209,OnTime,4.49,0,0,3.9,6.4,1.4253897550111359,617.2483368166667,0.010368598209606695,0.609375,C0505,0,0.0,0,93.12
DL00354,O00776,D014,V034,H04,2025-03-03 01:09:00,2025-03-03 05:31:01.221882,OnTime,10.43,0,0,4.54,9.64,0.9242569511025888,262.0203647,0.03679103344137892,0.470954356846473,C0571,0,0.0,0,97.12
DL00355,O00561,D162,V106,H07,2025-06-02 10:12:00,2025-06-02 18:34:59.818071,Delayed,7.43,1,0,3.96,12.85,1.7294751009421265,502.99696785,0.02554687368181518,0.30817120622568095,C0595,0,0.13458950201884254,0,66.9
DL00356,O01181,D031,V118,H04,2024-02-24 01:34:00,2024-02-24 05:12:32.309441,OnTime,13.12,0,0,4.84,6.12,0.46646341463414637,218.53849068333332,0.028004220130118877,0.7908496732026143,C0346,0,0.0,0,99.0
DL00357,O00235,D134,V030,H08,2025-12-22 12:39:00,2025-12-23 01:10:03.126008,Delayed,14.75,1,0,3.27,7.91,0.536271186440678,751.0521001333333,0.010531892525958916,0.4134007585335019,C0502,0,0.06779661016949153,0,63.38
DL00358,O00497,D022,V005,H02,2025-11-22 01:45:00,2025-11-23 02:04:47.304047,Delayed,19.28,1,0,3.57,14.5,0.7520746887966805,1459.7884007833334,0.009932946440880878,0.24620689655172412,C0631,0,0.051867219917012444,0,65.45
DL00359,O00654,D068,V057,H01,2025-06-18 22:44:00,2025-06-20 08:19:56.137076,Delayed,18.71,1,1,2.94,15.84,0.8466060929983965,2015.9356179333333,0.007857393787326708,0.1856060606060606,C0617,0,0.053447354355959376,1,61.49
DL00360,O00595,D100,V062,H02,2024-03-05 07:09:00,2024-03-06 01:44:19.453287,Delayed,12.5,1,0,2.59,21.14,1.6912,1115.32422145,0.018954129744009784,0.12251655629139072,C0377,0,0.08,0,58.99
DL00361,O00377,D007,V051,H07,2024-07-22 23:59:00,2024-07-23 12:06:00.358864,OnTime,25.24,0,0,4.4,13.28,0.526148969889065,727.0059810666667,0.01826669978769022,0.33132530120481934,C0131,0,0.0,0,96.25
DL00362,O00460,D156,V012,H04,2024-12-09 18:44:00,2024-12-09 19:57:19.363281,OnTime,6.09,0,0,3.51,8.56,1.4055829228243022,73.32272135,0.11674416664296382,0.4100467289719626,C0097,0,0.0,0,90.69
DL00363,O00710,D069,V090,H07,2025-02-17 14:58:00,2025-02-17 20:44:29.402310,OnTime,19.08,1,0,5.0,17.76,0.9308176100628932,346.4900385,0.05125688483537746,0.2815315315315315,C0322,0,0.052410901467505246,0,99.38
DL00364,O00277,D056,V014,H04,2024-01-14 01:45:00,2024-01-14 08:12:31.903105,OnTime,23.79,1,0,3.98,11.43,0.48045397225725095,387.53171841666665,0.029494359962842276,0.34820647419072615,C0329,0,0.042034468263976464,0,93.13
DL00365,O00861,D064,V012,H01,2025-09-05 09:13:00,2025-09-05 09:38:01.068912,OnTime,10.33,0,0,4.19,9.22,0.8925459825750243,25.0178152,0.36853737731662517,0.45444685466377444,C0265,0,0.0,0,94.94
DL00366,O00910,D146,V095,H06,2025-07-24 04:05:00,2025-07-24 11:38:55.420285,OnTime,17.03,0,0,3.63,18.63,1.0939518496770404,453.92367141666665,0.04104214248588747,0.19484702093397746,C0465,0,0.0,0,91.44
DL00367,O00575,D128,V106,H02,2025-08-15 07:04:00,2025-08-15 20:10:40.282041,Delayed,3.02,0,0,2.94,16.73,5.539735099337748,786.67136735,0.02126682207381855,0.17573221757322174,C0179,0,0.0,0,62.12
DL00368,O00474,D147,V067,H01,2025-03-22 20:07:00,2025-03-22 19:20:56.392732,OnTime,35.4,2,0,3.94,18.88,0.5333333333333333,-46.06012113333333,,0.2086864406779661,C0029,1,0.05649717514124294,0,92.7
DL00369,O00366,D011,V044,H05,2024-02-12 22:37:00,2024-02-14 06:15:16.530828,Delayed,13.48,0,0,1.44,12.48,0.9258160237388724,1898.2755138,0.0065743881271572244,0.11538461538461538,C0592,0,0.0,0,52.75
DL00370,O00902,D131,V021,H05,2024-09-22 21:11:00,2024-09-23 05:17:24.341218,Delayed,1.87,3,0,1.24,10.71,5.7272727272727275,486.4056869666667,0.02201865703254813,0.11577964519140989,C0309,0,1.6042780748663101,0,32.45
DL00371,O01079,D158,V069,H03,2024-03-31 08:45:00,2024-04-01 08:18:08.744449,OnTime,17.43,0,0,3.57,10.98,0.629948364888124,1413.1457408166666,0.007769899227559206,0.3251366120218579,C0017,0,0.0,0,91.06
DL00372,O00300,D087,V090,H02,2024-04-02 01:57:00,2024-04-02 04:31:19.626971,OnTime,6.81,0,0,4.87,8.41,1.234948604992658,154.32711618333335,0.054494635861719314,0.5790725326991677,C0512,0,0.0,0,99.19
DL00373,O00282,D058,V081,H05,2024-01-20 06:39:00,2024-01-20 23:38:53.202677,Delayed,11.36,0,1,,23.6,2.0774647887323945,1019.8867112833333,0.0231398249814471,,C0630,0,0.0,1,62.5
DL00374,O00841,D090,V061,H01,2025-09-26 21:47:00,2025-09-27 05:08:21.607477,OnTime,23.47,5,0,3.73,14.32,0.610140605027695,441.36012461666667,0.03244516031537129,0.2604748603351955,C0132,0,0.2130379207498935,0,89.53
DL00375,O00466,D102,V021,H05,2024-01-07 05:49:00,2024-01-07 11:01:08.925355,OnTime,22.12,1,0,4.22,17.86,0.8074141048824592,312.1487559166667,0.057216310049199824,0.23628219484882418,C0028,0,0.045207956600361664,0,94.59
DL00376,O01104,D090,V114,H04,2024-09-21 17:50:00,2024-09-22 04:54:45.274892,OnTime,6.72,0,0,4.51,5.92,0.8809523809523809,664.7545815333333,0.008905542232360153,0.7618243243243243,C0480,1,0.0,0,96.94
DL00377,O00510,D075,V113,H07,2024-11-23 00:12:00,2024-11-23 15:31:47.790489,Failed,5.45,4,0,2.23,10.45,1.9174311926605503,919.79650815,0.01136120860147451,0.2133971291866029,C0477,1,0.7339449541284403,0,48.97
DL00378,O00070,D111,V037,H02,2025-05-13 23:09:00,2025-05-14 15:42:14.054302,Failed,7.92,0,0,2.14,7.93,1.0012626262626263,993.2342383666667,0.007984017962409917,0.2698612862547289,C0125,1,0.0,0,57.12
DL00379,O01127,D018,V020,H02,2024-03-17 03:56:00,,OnTime,17.4,1,0,3.6,14.92,0.8574712643678162,,,0.24128686327077747,C0296,0,0.0574712643678161,0,90.57
DL00380,O00120,D130,V106,H01,2024-06-16 04:55:00,2024-06-16 10:04:33.075437,OnTime,39.900000000000006,2,0,3.71,19.33,0.4844611528822054,309.5512572833333,0.06244523175141616,0.1919296430419038,C0182,1,0.05012531328320801,0,91.34
DL00381,O00488,D015,V005,H05,2025-08-29 19:57:00,2025-08-30 01:45:13.017030,OnTime,11.24,0,0,5.0,10.97,0.9759786476868327,348.2169505,0.03150334865734803,0.45578851412944393,C0050,1,0.0,0,100.0
DL00382,O00141,D163,V021,H02,2024-12-05 21:45:00,2024-12-05 20:24:16.997321,OnTime,7.31,0,0,4.39,11.68,1.59781121751026,-80.71671131666666,,0.3758561643835616,C0605,0,0.0,0,96.19
DL00383,O00846,D057,V017,H08,2025-07-27 23:24:00,2025-07-28 06:19:36.333860,Delayed,9.53,1,1,2.92,9.76,1.0241343126967473,415.60556433333335,0.0234838049284924,0.29918032786885246,C0372,1,0.10493179433368312,1,60.75
DL00384,O00618,D017,V054,H05,2025-11-19 13:06:00,2025-11-20 14:27:52.039382,Failed,14.52,4,0,2.82,10.94,0.7534435261707989,1521.8673230333334,0.0071885372886479814,0.2577696526508227,C0581,1,0.27548209366391185,0,58.1
DL00385,O00617,D123,V086,H08,2024-03-30 09:37:00,2024-03-30 08:15:11.016084,OnTime,17.51,1,0,4.44,14.04,0.8018275271273557,-81.8163986,,0.3162393162393163,C0352,0,0.05711022272986864,0,95.82
DL00386,O00135,D144,V002,H05,2025-04-25 03:12:00,2025-04-26 22:39:24.905513,Failed,1.21,1,0,3.35,13.97,11.545454545454547,2607.4150918833334,0.005357796709656031,0.23979957050823192,C0364,1,0.8264462809917356,0,54.87
DL00387,O00274,D016,V017,H01,2025-10-03 21:33:00,2025-10-05 15:40:35.899437,Failed,11.96,0,0,2.85,11.86,0.991638795986622,2527.59832395,0.0046922012440116685,0.24030354131534573,C0086,1,0.0,0,61.56
DL00388,O00886,D088,V086,H05,2024-12-11 11:37:00,2024-12-11 14:15:40.274228,OnTime,10.71,1,0,4.64,9.36,0.8739495798319327,158.67123713333334,0.0589898974073964,0.49572649572649574,C0618,1,0.09337068160597571,0,96.64
DL00389,O00649,D054,V065,H01,2025-03-02 03:12:00,2025-03-02 07:50:19.231032,OnTime,12.41,1,0,4.57,12.55,1.0112812248186946,278.3205172,0.045091896660215035,0.3641434262948207,C0361,0,0.08058017727639001,0,96.36
DL00390,O01242,D013,V052,H02,2025-09-08 23:34:00,2025-09-08 22:52:36.699661,OnTime,12.86,0,0,4.75,11.06,0.8600311041990669,-41.388338983333334,,0.4294755877034358,C0550,0,0.0,0,98.44
DL00391,O00242,D119,V060,H06,2024-11-05 05:50:00,2024-11-05 08:19:49.718245,OnTime,20.65,0,0,3.63,15.9,0.7699757869249395,149.82863741666668,0.10612123472619468,0.2283018867924528,C0587,0,0.0,0,91.44
DL00392,O00832,D063,V021,H04,2024-06-06 15:50:00,2024-06-07 05:31:03.475456,Delayed,4.77,1,1,1.15,12.67,2.656184486373166,821.0579242666666,0.015431310782751772,0.09076558800315705,C0436,0,0.20964360587002098,1,48.45
DL00393,O01128,D108,V060,H04,2024-03-12 19:57:00,2024-03-13 03:36:11.659720,Failed,13.97,1,0,3.11,5.79,0.41445955619183966,459.19432866666665,0.012609040744932663,0.5371329879101899,C0588,1,0.07158196134574087,0,62.34
DL00394,O00718,D145,V079,H02,2025-02-27 04:58:00,2025-02-27 07:05:30.365586,OnTime,15.43,0,0,4.14,8.78,0.5690213869086196,127.5060931,0.06885945437222403,0.4715261958997722,C0533,1,0.0,0,94.62
DL00395,O00219,D012,V072,H06,2024-05-30 02:33:00,2024-05-30 04:15:54.426350,OnTime,10.75,0,0,4.29,6.99,0.650232558139535,102.90710583333333,0.06792533852152921,0.6137339055793991,C0421,0,0.0,0,95.56
DL00396,O01093,D105,V063,H06,2024-10-30 00:23:00,2024-10-30 09:36:43.398508,OnTime,14.79,2,0,4.55,21.09,1.4259634888438135,553.7233084666667,0.038087614657943525,0.215742057847321,C0205,0,0.1352265043948614,0,95.58
DL00397,O01199,D125,V049,H04,2024-03-10 16:57:00,2024-03-10 19:12:57.054704,Delayed,10.5,2,0,4.61,9.36,0.8914285714285713,135.95091173333333,0.0688483797619509,0.4925213675213676,C0225,0,0.19047619047619047,0,70.3
DL00398,O00671,D106,V099,H05,2025-01-24 17:36:00,2025-01-24 23:28:38.031355,Delayed,1.2,1,0,3.08,9.73,8.108333333333334,352.6338559166667,0.027592359147442052,0.31654676258992803,C0111,0,0.8333333333333334,0,53.1
DL00399,O00966,D129,V107,H08,2025-04-17 00:14:00,2025-04-17 16:46:22.816860,Delayed,5.64,1,0,2.38,12.78,2.265957446808511,992.380281,0.012878127714430069,0.18622848200312989,C0568,0,0.1773049645390071,0,56.52
DL00400,O00867,D165,V037,H06,2024-02-01 22:23:00,2024-02-02 20:40:14.586855,Failed,25.59,2,0,2.48,16.84,0.6580695584212582,1337.24311425,0.012593072882969979,0.14726840855106887,C0313,1,0.07815552950371239,0,58.32
DL00401,O00870,D067,V009,H08,2024-10-27 15:49:00,2024-10-28 00:42:45.072317,OnTime,10.23,0,0,4.47,6.79,0.6637341153470185,533.7512052833333,0.012721282748945994,0.658321060382916,C0092,0,0.0,0,96.69
DL00402,O00539,D037,V005,H03,2024-12-04 02:08:00,2024-12-04 04:09:15.722168,OnTime,10.83,0,0,5.0,9.69,0.894736842105263,121.26203613333334,0.0799095933812738,0.5159958720330238,C0098,0,0.0,0,100.0
DL00403,O00044,D131,V092,H07,2025-11-02 10:07:00,2025-11-02 12:43:42.885570,OnTime,11.6,1,0,4.58,13.74,1.1844827586206896,156.7147595,0.08767521351427017,0.3333333333333333,C0227,0,0.08620689655172414,0,96.35
DL00404,O00502,D049,V025,H02,2024-04-03 03:48:00,2024-04-03 04:25:17.871676,OnTime,7.84,0,0,3.14,11.38,1.451530612244898,37.297861266666665,0.30511132846564526,0.2759226713532513,C0169,0,0.0,0,88.38
DL00405,O00684,D052,V116,H01,2024-11-24 16:21:00,2024-11-25 13:22:50.972127,OnTime,12.83,0,0,,16.99,1.324240062353858,1261.84953545,0.01346436284413342,,C0064,0,0.0,0,87.5
DL00406,O00720,D126,V006,H01,2024-08-29 21:02:00,2024-08-29 20:33:10.585204,OnTime,29.85,1,0,5.0,15.78,0.528643216080402,-28.823579933333335,,0.31685678073510776,C0140,0,0.03350083752093802,0,99.6
DL00407,O00598,D010,V068,H06,2025-10-29 01:00:00,2025-10-29 22:58:05.130431,OnTime,6.92,0,0,4.04,10.86,1.569364161849711,1318.0855071833332,0.008239222676233763,0.37200736648250465,C0621,0,0.0,0,94.0
DL00408,O01019,D071,V057,H08,2024-04-16 01:49:00,2024-04-16 04:58:04.426005,OnTime,8.49,0,0,3.3,8.4,0.9893992932862191,189.07376675,0.04442710453379171,0.3928571428571428,C0626,0,0.0,0,89.38
DL00409,O00348,D047,V094,H04,2025-03-17 00:31:00,2025-03-16 22:30:00.000000,OnTime,8.1,0,0,2.89,10.1,1.2469135802469136,-121.0,,0.28613861386138617,C0372,1,0.0,0,86.81
DL00410,O00249,D042,V004,H05,2024-11-07 21:14:00,2024-11-08 03:32:06.075323,Delayed,5.13,3,0,4.44,9.64,1.879142300194932,378.10125538333335,0.025495815903141088,0.46058091286307057,C0566,0,0.5847953216374269,0,64.56
DL00411,O00108,D122,V065,H01,2024-11-30 15:03:00,2024-11-30 22:46:22.839111,OnTime,11.22,0,0,4.68,5.75,0.5124777183600713,463.38065185,0.01240880467719943,0.8139130434782608,C0046,0,0.0,0,98.0
DL00412,O00156,D025,V114,H02,2024-04-24 08:07:00,2024-04-24 13:40:54.128195,OnTime,8.68,0,0,4.63,8.76,1.0092165898617511,333.90213658333334,0.026235231944416536,0.5285388127853882,C0035,0,0.0,0,97.69
DL00413,O01077,D046,V035,H01,2024-08-30 00:32:00,2024-08-30 11:34:46.079286,Failed,6.34,1,0,4.22,10.75,1.6955835962145112,662.7679881,0.016219853995691196,0.3925581395348837,C0021,1,0.15772870662460567,0,68.25
DL00414,O00704,D002,V083,H02,2024-03-12 18:01:00,2024-03-12 20:55:25.078529,OnTime,8.47,1,0,5.0,14.75,1.741440377804014,174.41797548333332,0.0845669717190901,0.3389830508474576,C0031,0,0.11806375442739078,0,98.6
DL00415,O01145,D116,V031,H03,2024-02-22 02:27:00,2024-02-23 02:36:12.176009,OnTime,13.31,0,0,4.23,10.05,0.7550713749060857,1449.2029334833333,0.006934846575174685,0.4208955223880597,C0548,0,0.0,0,95.19
DL00416,O00293,D067,V059,H04,2025-04-09 18:24:00,2025-04-10 00:16:42.565598,OnTime,4.61,1,0,4.01,10.53,2.284164859002169,352.70942663333335,0.029854603265102655,0.3808167141500475,C0165,0,0.21691973969631234,0,91.24
DL00417,O00615,D054,V085,H04,2025-02-08 21:37:00,2025-02-08 23:17:10.791004,OnTime,13.05,0,0,4.08,18.58,1.4237547892720304,100.17985006666666,0.1854664384867373,0.2195909580193757,C0295,0,0.0,0,94.25
DL00418,O00075,D167,V019,H06,2024-11-02 06:29:00,2024-11-02 08:58:56.396803,OnTime,4.73,1,0,5.0,10.5,2.219873150105708,149.93994671666667,0.07002803608995058,0.47619047619047616,C0026,0,0.2114164904862579,0,97.49
DL00419,O00782,D043,V109,H06,2024-04-17 03:24:00,2024-04-17 05:51:51.721133,OnTime,12.37,0,0,5.0,12.37,1.0,147.86201888333332,0.08365907684352819,0.40420371867421184,C0610,0,0.0,0,100.0
DL00420,O00412,D093,V078,H05,2024-10-08 14:08:00,2024-10-08 18:14:08.619955,OnTime,10.0,0,0,4.12,9.3,0.93,246.14366591666666,0.03778281259184857,0.443010752688172,C0601,0,0.0,0,94.5
DL00421,O00286,D026,V039,H02,2025-07-05 22:02:00,2025-07-06 03:09:23.122074,OnTime,17.73,1,0,4.49,8.92,0.503102086858432,307.3853679,0.029018947977061466,0.5033632286995516,C0402,0,0.05640157924421884,0,96.14
DL00422,O01178,D135,V066,H01,2024-01-13 23:04:00,2024-01-13 23:29:03.604429,OnTime,14.18,0,0,4.88,10.37,0.731311706629055,25.060073816666666,0.413805644622772,0.4705882352941177,C0362,0,0.0,0,99.25
DL00423,O01245,D113,V110,H05,2025-10-05 16:04:00,2025-10-05 14:27:00.000000,OnTime,22.08,1,0,4.11,10.84,0.49094202898550726,-97.0,,0.37915129151291516,C0237,0,0.045289855072463775,0,93.9
DL00424,O00503,D061,V007,H08,2024-08-18 00:53:00,2024-08-18 03:41:51.773806,OnTime,8.14,1,0,5.0,14.49,1.78009828009828,168.86289676666667,0.08580925873859763,0.3450655624568668,C0242,0,0.12285012285012284,0,98.54
DL00425,O00564,D070,V090,H04,2024-09-03 00:37:00,2024-09-03 11:49:53.800069,OnTime,13.09,1,0,4.82,4.86,0.37127578304048897,672.8966678166666,0.007222505672036002,0.9917695473251029,C0535,0,0.07639419404125286,0,97.97
DL00426,O00814,D150,V053,H05,2025-03-26 04:54:00,2025-03-26 14:37:28.110426,OnTime,12.88,1,0,4.57,19.14,1.486024844720497,583.4685071,0.03280382705680397,0.2387669801462905,C0464,0,0.07763975155279502,0,96.39
DL00427,O00414,D165,V058,H07,2025-04-05 22:47:00,2025-04-06 01:32:54.763589,OnTime,9.53,0,0,3.92,9.98,1.0472193074501575,165.91272648333333,0.06015210654140227,0.3927855711422845,C0023,0,0.0,0,93.25
DL00428,O00496,D109,V073,H07,2024-06-17 16:14:00,2024-06-17 19:20:06.689019,OnTime,10.72,0,0,4.32,7.53,0.7024253731343283,186.11148365,0.04045962050445456,0.5737051792828686,C0627,0,0.0,0,95.75
DL00429,O00738,D030,V021,H07,2024-11-28 07:27:00,2024-11-28 18:58:36.387688,Delayed,41.94,3,1,2.92,21.55,0.5138292799237005,691.6064614666667,0.031159338728992837,0.13549883990719258,C0354,0,0.0715307582260372,1,61.15
DL00430,O00779,D025,V065,H01,2025-07-25 14:03:00,2025-07-26 11:55:38.678980,OnTime,12.92,0,0,5.0,11.78,0.9117647058823529,1312.6446496666667,0.008974249049802941,0.4244482173174873,C0397,0,0.0,0,100.0
DL00431,O00737,D164,V082,H01,2024-03-14 04:04:00,2024-03-14 04:29:01.839885,OnTime,10.56,1,0,4.7,16.33,1.546401515151515,25.03066475,0.6523997729624819,0.28781383955909373,C0368,1,0.0946969696969697,0,97.0
DL00432,O00658,D119,V011,H05,2025-07-24 13:29:00,2025-07-25 06:07:11.345733,Failed,14.42,0,0,4.06,19.62,1.360610263522885,998.18909555,0.019655594403372462,0.20693170234454636,C0533,1,0.0,0,69.12
DL00433,O00148,D133,V056,H01,2025-04-03 23:41:00,2025-04-03 23:45:53.664975,OnTime,14.34,2,0,2.92,12.9,0.8995815899581591,4.89441625,2.6356564993833533,0.22635658914728682,C0401,0,0.1394700139470014,0,85.34
DL00434,O00395,D031,V063,H04,2024-09-28 10:53:00,2024-09-28 18:08:55.461530,Delayed,16.69,0,1,3.34,16.51,0.9892150988615938,435.9243588333333,0.03787354311694305,0.20230163537250148,C0060,0,0.0,1,64.62
DL00435,O00198,D129,V087,H08,2024-09-13 18:46:00,2024-09-13 22:25:00.821660,OnTime,10.63,0,0,5.0,4.82,0.45343367826904984,219.01369433333332,0.022007756248630196,1.0373443983402488,C0487,0,0.0,0,100.0
DL00436,O01063,D034,V076,H04,2024-07-27 22:20:00,2024-07-28 11:09:31.719472,OnTime,9.89,0,0,4.0,12.8,1.294236602628918,769.5286578666667,0.016633558567506666,0.3125,C0054,1,0.0,0,93.75
DL00437,O01223,D167,V120,H05,2025-01-11 00:36:00,2025-01-11 12:06:30.146218,OnTime,13.43,0,0,4.8,11.05,0.8227848101265823,690.5024369666667,0.01600283997337062,0.43438914027149317,C0522,0,0.0,0,98.75
DL00438,O00992,D083,V078,H04,2024-03-08 16:52:00,2024-03-09 09:52:27.867914,Failed,27.82,1,0,3.12,15.69,0.5639827462257369,1020.4644652333334,0.015375351650694095,0.1988527724665392,C0438,1,0.035945363048166784,0,62.82
DL00439,O00983,D117,V026,H07,2024-08-20 00:58:00,2024-08-20 12:12:47.434727,Delayed,13.81,1,1,3.68,19.27,1.395365677045619,674.7905787833333,0.028557008064256557,0.1909704203425013,C0538,1,0.0724112961622013,1,65.89
DL00440,O00758,D028,V046,H03,2024-02-26 13:10:00,2024-02-26 22:13:07.503199,Delayed,10.74,4,0,3.54,9.77,0.9096834264432029,543.1250533166667,0.017988490754271363,0.3623336745138178,C0359,1,0.37243947858473,0,61.45
DL00441,O00014,D141,V068,H01,2024-08-25 12:01:00,2024-08-25 15:01:44.356021,OnTime,8.82,0,0,4.7,7.36,0.8344671201814059,180.73926701666667,0.04072164351159677,0.6385869565217391,C0318,0,0.0,0,98.12
DL00442,O01090,D150,V099,H02,2025-09-11 20:27:00,2025-09-12 18:27:20.507484,OnTime,8.63,1,0,4.98,6.69,0.7752027809965237,1320.3417914,0.005066869838987966,0.7443946188340808,C0414,0,0.11587485515643105,0,98.5
DL00443,O01170,D070,V097,H06,2024-01-01 08:44:00,2024-01-01 16:11:11.563209,OnTime,3.65,0,0,3.34,12.85,3.5205479452054793,447.19272015,0.028734814814717416,0.25992217898832687,C0321,0,0.0,0,89.62
DL00444,O01221,D017,V109,H05,2024-04-13 09:44:00,2024-04-14 02:35:05.556300,Failed,11.43,0,0,3.0,9.78,0.8556430446194225,1011.092605,0.009672704509593361,0.3067484662576687,C0243,1,0.0,0,62.5
DL00445,O00055,D074,V008,H03,2025-05-31 02:19:00,2025-05-31 06:24:33.541055,Delayed,37.02,0,0,3.55,21.88,0.5910318746623446,245.55901758333334,0.08910281615935674,0.16224862888482633,C0454,0,0.0,0,65.94
DL00446,O00903,D002,V069,H07,2025-10-21 01:25:00,2025-10-21 07:22:35.310698,Delayed,8.25,1,0,2.26,10.76,1.3042424242424242,357.5885116333333,0.030090452153656338,0.21003717472118957,C0380,0,0.12121212121212122,0,56.44
DL00447,O00812,D070,V043,H01,2025-04-12 19:06:00,2025-04-13 16:08:07.919948,OnTime,9.36,1,0,4.55,9.47,1.011752136752137,1262.1319991333332,0.0075031771688719995,0.4804646251319957,C0219,0,0.10683760683760685,0,95.92
DL00448,O01033,D101,V108,H03,2024-08-30 13:56:00,2024-08-30 13:47:00.000000,OnTime,11.14,0,0,4.65,14.25,1.279174147217235,-9.0,,0.3263157894736842,C0234,0,0.0,0,97.81
DL00449,O00454,D047,V025,H07,2025-04-15 03:39:00,2025-04-15 16:29:42.050340,OnTime,14.65,0,0,4.58,12.62,0.8614334470989761,770.700839,0.01637470645078667,0.3629160063391442,C0251,0,0.0,0,97.38
DL00450,O01161,D049,V108,H06,2025-05-17 04:32:00,2025-05-18 01:37:48.885017,Failed,10.61,1,0,3.99,12.55,1.1828463713477853,1265.8147502833333,0.009914562930468992,0.3179282868525896,C0359,1,0.09425070688030161,0,67.57
DL00451,O01188,D145,V114,H01,2024-06-25 12:25:00,2024-06-25 12:45:53.535355,OnTime,11.19,0,0,3.58,14.22,1.2707774798927616,20.892255916666667,0.6806349710016756,0.2517580872011252,C0291,0,0.0,0,91.12
DL00452,O00468,D125,V051,H01,2024-03-29 12:52:00,2024-03-29 14:01:48.798026,OnTime,8.52,1,0,3.65,12.49,1.465962441314554,69.81330043333334,0.17890573748088373,0.29223378702962366,C0062,0,0.11737089201877934,0,90.17
DL00453,O00248,D130,V007,H06,2024-03-22 18:52:00,2024-03-22 23:50:03.774317,OnTime,11.9,1,0,,8.88,0.746218487394958,298.06290528333335,0.029792368800669204,,C0153,1,0.08403361344537814,0,86.5
DL00454,O00408,D102,V088,H04,2024-09-14 14:20:00,2024-09-15 12:01:49.742714,OnTime,8.57,0,0,3.94,18.59,2.1691948658109683,1301.8290452333333,0.01427990876994761,0.21194190424959655,C0446,0,0.0,0,93.38
DL00455,O00914,D094,V098,H01,2024-04-12 08:41:00,2024-04-12 12:45:47.285486,OnTime,10.3,1,0,4.14,7.0,0.6796116504854368,244.78809143333334,0.028596162333764552,0.5914285714285714,C0258,0,0.0970873786407767,0,93.47
DL00456,O00157,D037,V035,H02,2024-09-16 20:38:00,2024-09-16 22:39:02.594617,OnTime,26.36,0,0,4.83,10.84,0.41122913505311076,121.04324361666667,0.0895547713041244,0.4455719557195572,C0513,0,0.0,0,98.94
DL00457,O00092,D110,V099,H06,2025-04-24 17:52:00,2025-04-24 20:46:39.551014,OnTime,14.85,2,0,4.55,10.8,0.7272727272727273,174.65918356666666,0.061834710202213254,0.4212962962962963,C0268,1,0.13468013468013468,0,95.59
DL00458,O00172,D109,V119,H05,2025-01-17 19:21:00,2025-01-18 10:08:30.423180,Delayed,6.39,0,0,3.34,10.15,1.5884194053208138,887.507053,0.011436528831731999,0.32906403940886697,C0343,0,0.0,0,64.62
DL00459,O00831,D005,V084,H01,2025-02-27 09:04:00,2025-02-27 19:44:33.695510,Failed,9.02,2,0,2.73,7.17,0.79490022172949,640.5615918333333,0.01119330301943166,0.3807531380753138,C0560,1,0.22172949002217296,0,58.18
DL00460,O00522,D026,V103,H05,2024-02-09 11:26:00,2024-02-10 12:31:24.364078,OnTime,14.04,1,0,3.86,13.03,0.9280626780626781,1505.4060679666666,0.008655471953556995,0.29623944742901,C0594,0,0.07122507122507123,0,92.03
DL00461,O00862,D089,V006,H08,2025-01-29 15:08:00,2025-01-29 16:46:22.767038,OnTime,18.99,0,0,4.06,16.11,0.8483412322274881,98.37945063333333,0.16375370970552608,0.25201738050900063,C0599,0,0.0,0,94.12
DL00462,O00099,D131,V058,H04,2025-10-04 22:47:00,2025-10-05 08:13:05.592425,OnTime,16.049999999999997,4,0,4.99,15.19,0.9464174454828662,566.0932070833334,0.026833037051023845,0.3285055957867018,C0079,0,0.2492211838006231,0,96.98
DL00463,O00271,D102,V023,H07,2025-09-17 00:16:00,2025-09-17 03:09:39.905714,OnTime,8.97,0,0,3.56,12.95,1.4437012263099218,173.66509523333335,0.07456881293618968,0.27490347490347494,C0381,0,0.0,0,91.0
DL00464,O01124,D017,V016,H04,2024-05-02 17:53:00,2024-05-02 19:40:27.608348,OnTime,16.51,0,0,3.76,9.45,0.5723803755299818,107.46013913333333,0.08793958463309565,0.3978835978835979,C0015,0,0.0,0,92.25
DL00465,O00820,D080,V074,H08,2024-05-01 18:26:00,2024-05-01 22:52:34.351693,OnTime,11.27,0,0,4.84,13.89,1.2324755989352263,266.5725282166667,0.05210589438049816,0.34845212383009355,C0121,0,0.0,0,99.0
DL00466,O00183,D098,V007,H01,2024-09-02 14:06:00,2024-09-02 13:58:40.175324,OnTime,3.81,0,0,5.0,10.68,2.8031496062992125,-7.330411266666666,,0.46816479400749067,C0102,0,0.0,0,100.0
DL00467,O00511,D078,V067,H05,2024-06-06 11:55:00,2024-06-07 08:33:53.897421,OnTime,14.94,1,0,3.76,7.49,0.501338688085676,1238.89829035,0.006045694031819196,0.5020026702269692,C0119,0,0.06693440428380187,0,91.46
DL00468,O00519,D150,V022,H03,2025-04-20 06:37:00,2025-04-20 05:10:00.000000,OnTime,19.78,0,0,3.78,19.89,1.0055611729019212,-87.0,,0.19004524886877827,C0437,1,0.0,0,92.38
DL00469,O00458,D027,V042,H03,2025-04-10 03:03:00,2025-04-11 05:15:10.466183,Delayed,12.11,0,0,3.8,16.42,1.355904211395541,1572.1744363833334,0.010444133691534224,0.2314250913520097,C0546,0,0.0,0,67.5
DL00470,O00562,D004,V120,H08,2024-07-21 10:43:00,2024-07-21 14:49:27.695889,OnTime,3.36,2,0,3.97,13.27,3.949404761904762,246.46159815,0.053842059369929474,0.29917106254709874,C0382,0,0.5952380952380952,0,86.49
DL00471,O01049,D088,V068,H01,2025-10-17 08:34:00,2025-10-17 18:06:53.601277,OnTime,17.09,1,0,4.21,16.47,0.9637214745465184,572.8933546166667,0.028748806156113253,0.25561627200971465,C0527,0,0.058513750731421885,0,94.37
DL00472,O00042,D113,V046,H01,2025-12-01 19:10:00,2025-12-03 08:16:03.110618,Delayed,10.28,0,0,3.59,5.13,0.4990272373540856,2226.051843633333,0.0023045285376763194,0.6998050682261209,C0606,0,0.0,0,66.19
DL00473,O00180,D105,V071,H07,2024-12-29 08:17:00,2024-12-30 05:50:08.150454,OnTime,14.15,7,0,4.01,6.22,0.43957597173144874,1293.1358409,0.0048100128410879005,0.6446945337620579,C0615,0,0.4946996466431095,0,87.94
DL00474,O00067,D004,V017,H04,2025-02-25 03:48:00,2025-02-25 07:16:13.969650,OnTime,2.66,0,0,4.36,9.21,3.462406015037594,208.2328275,0.04422933747081737,0.4733984799131379,C0339,1,0.0,0,96.0
DL00475,O01121,D074,V027,H07,2024-06-03 08:50:00,2024-06-03 17:50:35.358594,OnTime,3.63,2,0,4.29,9.74,2.6831955922865016,540.5893099,0.018017374412752887,0.4404517453798768,C0078,0,0.5509641873278237,0,89.02
DL00476,O00849,D094,V035,H07,2024-05-06 00:48:00,2024-05-06 14:59:17.100441,Delayed,15.93,1,0,4.07,10.87,0.682360326428123,851.28500735,0.012768931563634215,0.3744250229990801,C0412,1,0.06277463904582549,0,68.44
DL00477,O00613,D162,V002,H03,2025-12-02 22:57:00,2025-12-03 10:47:11.610255,Delayed,25.16,1,0,,23.03,0.915341812400636,710.19350425,0.03242778181183287,,C0650,0,0.0397456279809221,0,62.03
DL00478,O00947,D133,V109,H05,2024-01-31 17:32:00,2024-02-01 03:51:28.208192,Delayed,9.6,2,0,1.46,11.77,1.2260416666666667,619.4701365333333,0.019000108812132648,0.12404418011894648,C0467,1,0.20833333333333334,0,50.4
DL00479,O00533,D091,V047,H01,2024-11-03 02:54:00,2024-11-03 19:36:46.278515,Delayed,3.46,0,0,1.0,14.35,4.1473988439306355,1002.7713085833333,0.014310341627417506,0.06968641114982578,C0338,1,0.0,0,50.0
DL00480,O00978,D119,V044,H07,2025-09-11 07:01:00,2025-09-12 01:49:05.346029,OnTime,24.44,0,0,4.53,8.9,0.3641571194762684,1128.0891004833334,0.007889447736164427,0.5089887640449439,C0515,0,0.0,0,97.06
DL00481,O01095,D077,V086,H04,2024-03-14 17:15:00,2024-03-14 20:29:07.930187,OnTime,16.16,1,0,3.89,22.66,1.4022277227722773,194.13216978333332,0.11672460069493032,0.17166813768755518,C0612,0,0.06188118811881188,0,92.33
DL00482,O00777,D141,V118,H02,2025-10-19 00:12:00,2025-10-19 22:22:41.203962,Failed,11.35,1,1,2.32,18.23,1.6061674008810574,1330.6867327,0.013699693212549605,0.12726275370268786,C0226,1,0.0881057268722467,1,57.2
DL00483,O00036,D135,V017,H06,2024-11-06 05:51:00,2024-11-06 11:52:01.051436,Delayed,8.41,0,1,4.57,9.29,1.1046373365041615,361.01752393333334,0.025732822880131217,0.4919268030139936,C0126,0,0.0,1,72.31
DL00484,O00437,D144,V079,H02,2025-09-25 07:59:00,2025-09-25 13:47:34.696350,OnTime,21.25,2,0,3.95,12.17,0.5727058823529412,348.5782725,0.03491324893177328,0.3245686113393591,C0618,1,0.09411764705882353,0,92.32
DL00485,O00449,D121,V061,H03,2025-06-08 03:10:00,2025-06-08 01:22:24.218429,OnTime,16.11,1,0,1.99,12.64,0.7846058348851646,-107.59635951666667,,0.15743670886075947,C0544,0,0.062073246430788334,0,80.45
DL00486,O00306,D052,V114,H01,2024-06-14 17:09:00,2024-06-15 05:57:57.188614,Failed,14.52,0,1,4.61,14.81,1.0199724517906337,768.9531435666667,0.019259951173755757,0.3112761647535449,C0613,1,0.0,1,72.56
DL00487,O01111,D054,V027,H03,2024-11-15 00:10:00,2024-11-15 04:17:33.739828,OnTime,12.36,0,0,4.26,12.09,0.9781553398058253,247.56233046666668,0.04883618593026564,0.3523573200992556,C0167,0,0.0,0,95.38
DL00488,O01053,D038,V014,H08,2025-10-23 03:57:00,2025-10-23 08:18:12.147470,OnTime,3.33,0,0,,10.75,3.228228228228228,261.2024578333333,0.04115581487697678,,C0106,0,0.0,0,87.5
DL00489,O00911,D130,V112,H02,2025-05-20 23:09:00,2025-05-21 00:26:05.202498,OnTime,12.53,1,0,3.28,16.53,1.3192338387869116,77.0867083,0.21443385461044523,0.19842710223835447,C0214,0,0.07980845969672785,0,88.3
DL00490,O00701,D039,V035,H04,2025-12-15 21:19:00,2025-12-16 19:49:17.202716,Failed,1.65,1,0,4.24,10.31,6.248484848484849,1350.2867119333334,0.0076354154335401825,0.41125121241513096,C0021,1,0.6060606060606061,0,63.05
DL00491,O00181,D124,V113,H08,2024-12-16 02:36:00,2024-12-16 03:51:28.734813,OnTime,33.46,3,0,4.46,16.73,0.5,75.47891355,0.22165130912910444,0.2665869695158398,C0252,0,0.08965929468021518,0,95.56
DL00492,O00035,D100,V108,H06,2024-06-14 15:50:00,2024-06-15 05:51:47.019652,Failed,9.55,0,0,1.99,9.2,0.963350785340314,841.7836608666667,0.010929173881241707,0.21630434782608698,C0524,1,0.0,0,56.19
DL00493,O00803,D017,V070,H03,2025-08-09 20:37:00,2025-08-09 23:43:05.330497,OnTime,4.68,0,0,4.83,11.06,2.3632478632478633,186.08884161666666,0.05943397736218395,0.43670886075949367,C0509,0,0.0,0,98.94
DL00494,O00322,D072,V058,H08,2025-03-11 22:48:00,2025-03-12 01:38:13.776857,OnTime,14.05,2,0,4.29,11.2,0.7971530249110319,170.22961428333332,0.06579348750305286,0.3830357142857143,C0495,0,0.14234875444839856,0,93.87
DL00495,O01189,D129,V006,H05,2024-05-23 01:38:00,2024-05-23 04:12:11.690549,OnTime,33.39,2,0,4.94,19.23,0.5759209344115005,154.19484248333333,0.12471234245126285,0.25689027561102445,C0353,0,0.05989817310572027,0,98.91
DL00496,O00622,D142,V102,H02,2024-04-23 18:22:00,2024-04-24 16:12:08.253404,OnTime,7.97,2,0,4.18,11.59,1.4542032622333751,1310.1375567333334,0.008846399326875445,0.360655737704918,C0439,0,0.25094102885821834,0,91.9
DL00497,O00192,D083,V116,H08,2025-08-18 14:17:00,2025-08-20 03:34:36.170242,Failed,12.14,1,0,3.23,11.88,0.9785831960461285,2237.602837366667,0.005309253188998023,0.27188552188552184,C0404,1,0.08237232289950576,0,62.96
DL00498,O01205,D091,V018,H08,2024-12-20 02:21:00,2024-12-20 05:11:42.324554,OnTime,8.6,0,0,3.75,2.93,0.34069767441860466,170.70540923333334,0.017164072381532152,1.2798634812286689,C0559,0,0.0,0,92.19
DL00499,O01144,D053,V038,H01,2025-02-07 22:48:00,2025-02-08 17:25:46.790590,Delayed,10.41,0,0,3.5,10.6,1.0182516810758886,1117.7798431666668,0.009483083869154621,0.33018867924528306,C0571,0,0.0,0,65.62
DL00500,O00556,D017,V063,H02,2024-09-01 03:37:00,2024-09-01 05:39:15.173184,OnTime,6.73,1,0,3.72,11.11,1.650817236255572,122.2528864,0.0908771999349702,0.33483348334833485,C0643,0,0.1485884101040119,0,90.24
DL00501,O01211,D114,V087,H06,2025-11-12 07:51:00,2025-11-13 07:44:27.569654,OnTime,9.66,0,0,4.47,15.25,1.5786749482401656,1433.4594942333333,0.010638598482447012,0.29311475409836063,C0345,0,0.0,0,96.69
DL00502,O01190,D114,V026,H03,2025-11-24 18:47:00,2025-11-24 23:48:20.579555,OnTime,9.61,3,0,3.78,6.03,0.6274713839750261,301.34299258333334,0.020010420512209075,0.626865671641791,C0168,0,0.3121748178980229,0,88.67
DL00503,O00760,D154,V014,H07,2024-03-14 23:28:00,2024-03-15 20:48:21.177033,OnTime,12.95,0,0,3.97,10.7,0.8262548262548263,1280.35295055,0.008357070599480878,0.37102803738317763,C0051,0,0.0,0,93.56
DL00504,O00679,D023,V098,H08,2024-11-15 04:30:00,2024-11-16 02:36:46.022359,OnTime,6.55,1,0,5.0,12.11,1.848854961832061,1326.7670393166666,0.009127450140935888,0.4128819157720892,C0244,0,0.15267175572519084,0,98.19
DL00505,O00833,D170,V017,H08,2025-05-05 04:31:00,2025-05-05 20:10:37.600890,Failed,12.0,3,1,2.71,12.22,1.0183333333333333,939.6266815,0.013005164966678312,0.22176759410801963,C0431,1,0.25,1,57.72
DL00506,O00094,D077,V079,H05,2024-09-27 03:56:00,2024-09-27 16:59:08.774450,Delayed,17.369999999999997,2,0,3.11,9.14,0.5261945883707543,783.1462408333333,0.011670872594975715,0.34026258205689275,C0361,0,0.11514104778353484,0,61.82
DL00507,O00396,D021,V030,H07,2025-04-30 00:13:00,,Delayed,15.18,2,0,2.53,10.76,0.7088274044795784,,,0.23513011152416355,C0475,0,0.13175230566534915,0,58.0
DL00508,O00161,D015,V025,H03,2024-08-19 19:52:00,2024-08-20 07:24:22.258983,OnTime,12.14,0,0,4.66,14.06,1.158154859967051,692.37098305,0.020307032420774702,0.3314366998577525,C0025,1,0.0,0,97.88
DL00509,O00719,D116,V086,H01,2024-01-04 19:33:00,2024-01-05 05:38:11.606195,Delayed,16.37,0,0,1.0,11.37,0.6945632254123395,605.1934365833333,0.018787381542321773,0.08795074758135445,C0395,0,0.0,0,50.0
DL00510,O00359,D057,V004,H01,2024-08-17 23:15:00,2024-08-18 20:50:19.862546,OnTime,12.07,0,0,4.04,18.19,1.5070422535211268,1295.3310424333333,0.01404274228295288,0.2221000549752611,C0048,0,0.0,0,94.0
DL00511,O01237,D123,V083,H05,2025-12-30 09:00:00,2025-12-31 04:46:44.532285,Delayed,9.94,0,0,1.37,10.76,1.0824949698189135,1186.74220475,0.009066838574487802,0.12732342007434946,C0357,0,0.0,0,52.31
DL00512,O00224,D040,V029,H07,2024-05-22 23:18:00,2024-05-24 08:58:29.649915,Delayed,8.4,3,1,3.51,11.49,1.3678571428571429,2020.49416525,0.005686727632088123,0.3054830287206266,C0045,0,0.35714285714285715,1,61.45
DL00513,O00420,D168,V043,H02,2025-01-25 09:44:00,2025-01-25 21:24:13.161385,Delayed,12.02,0,0,3.75,18.86,1.5690515806988352,700.2193564166666,0.02693441680406408,0.1988335100742312,C0506,0,0.0,0,67.19
DL00514,O01250,D165,V052,H03,2024-06-28 09:25:00,2024-06-28 15:00:52.039877,Delayed,10.32,3,0,2.35,7.89,0.7645348837209301,335.86733128333333,0.02349141838193277,0.2978453738910013,C0180,0,0.29069767441860467,0,54.99
DL00515,O00619,D130,V005,H04,2025-09-01 14:52:00,2025-09-02 00:12:38.168449,Failed,17.55,3,1,3.24,21.0,1.1965811965811965,560.6361408166666,0.03745744962037187,0.1542857142857143,C0268,1,0.17094017094017094,1,61.97
DL00516,O00337,D141,V117,H01,2024-11-05 06:45:00,2024-11-05 16:55:42.237731,Delayed,21.23,2,0,1.57,10.77,0.5073009891662741,610.7039621833334,0.017635385828341562,0.1457753017641597,C0463,0,0.09420631182289213,0,52.44
DL00517,O00509,D104,V088,H08,2024-08-26 19:01:00,2024-08-26 19:33:26.376954,OnTime,14.73,4,0,4.99,16.75,1.1371350984385606,32.4396159,0.5163439681787354,0.297910447761194,C0535,0,0.27155465037338766,0,96.71
DL00518,O00984,D041,V024,H06,2025-04-15 00:21:00,2025-04-15 04:48:27.290762,OnTime,15.41,0,0,4.92,19.09,1.2388059701492538,267.45484603333335,0.07137653433140928,0.2577265584075432,C0155,0,0.0,0,99.5
DL00519,O00446,D096,V065,H07,2025-03-22 14:42:00,2025-03-22 21:54:23.825692,OnTime,29.8,2,0,,10.84,0.363758389261745,432.3970948666667,0.025069548636404704,,C0172,0,0.06711409395973154,0,86.7
DL00520,O00429,D055,V040,H01,2025-03-09 11:12:00,2025-03-09 21:37:26.844290,Delayed,3.14,1,0,3.03,11.42,3.6369426751592355,625.4474048333333,0.018258929386785378,0.26532399299474607,C0466,0,0.3184713375796178,0,58.91
DL00521,O00606,D038,V036,H08,2025-10-17 17:03:00,,Failed,5.35,2,0,2.51,7.1,1.3271028037383177,,,0.35352112676056335,C0050,1,0.3738317757009346,0,55.0
DL00522,O00296,D129,V013,H04,2024-01-10 19:26:00,2024-01-11 00:39:30.858716,OnTime,10.01,0,0,4.54,8.94,0.8931068931068931,313.5143119333333,0.02851544462155536,0.5078299776286354,C0400,0,0.0,0,97.12
DL00523,O00714,D026,V076,H01,2024-05-26 19:04:00,2024-05-27 15:57:10.253711,OnTime,2.39,1,0,4.12,8.78,3.673640167364016,1253.1708951833334,0.0070062271903590006,0.469248291571754,C0456,0,0.41841004184100417,0,89.53
DL00524,O00683,D130,V005,H07,2025-05-01 08:21:00,2025-05-01 15:11:37.139494,OnTime,16.66,2,0,4.83,17.68,1.0612244897959184,410.6189915666667,0.043056946617457015,0.2731900452488688,C0375,0,0.12004801920768307,0,97.51
DL00525,O00351,D038,V006,H01,2024-04-22 05:04:00,2024-04-22 05:42:26.815920,OnTime,28.2,2,0,4.04,19.16,0.6794326241134752,38.446932,0.49834925710067063,0.21085594989561587,C0259,0,0.07092198581560284,0,93.16
DL00526,O01045,D068,V027,H06,2024-08-26 13:19:00,2024-08-27 01:57:35.507434,Delayed,12.18,0,0,4.34,10.18,0.8357963875205254,758.5917905666666,0.01341960211880959,0.4263261296660118,C0506,0,0.0,0,70.88
DL00527,O00913,D108,V043,H07,2025-04-05 06:44:00,2025-04-05 11:51:23.882491,OnTime,20.7,1,0,4.58,16.49,0.7966183574879226,307.3980415166667,0.053643803059512774,0.2777440873256519,C0091,0,0.04830917874396135,0,96.8
DL00528,O00826,D033,V008,H03,2024-04-06 07:05:00,2024-04-06 12:23:18.106390,OnTime,24.17,2,0,4.66,20.91,0.8651220521307406,318.3017731666667,0.06569237674039367,0.22285987565758011,C0055,0,0.08274720728175423,0,96.89
DL00529,O00822,D088,V114,H06,2024-09-01 09:19:00,2024-09-01 21:28:05.123766,Failed,1.2,0,0,2.64,7.53,6.275,729.0853961,0.010328008269373152,0.350597609561753,C0186,1,0.0,0,60.25
DL00530,O00756,D095,V042,H01,2025-02-03 18:06:00,2025-02-05 09:39:56.840261,Failed,30.51,2,0,2.54,19.5,0.63913470993117,2373.9473376833334,0.008214167050154316,0.13025641025641027,C0413,1,0.06555227794165847,0,58.85
DL00531,O00140,D163,V116,H04,2024-03-03 02:25:00,2024-03-03 03:18:14.371045,OnTime,13.95,0,0,3.95,16.65,1.1935483870967742,53.239517416666665,0.31273762062290417,0.23723723723723728,C0621,0,0.0,0,93.44
DL00532,O00315,D009,V104,H02,2024-12-25 03:30:00,2024-12-25 08:59:02.760085,OnTime,16.49,1,0,4.55,10.37,0.6288659793814433,329.0460014166667,0.03151535030163945,0.43876567020250723,C0494,0,0.06064281382656156,0,96.47
DL00533,O00543,D135,V002,H08,2025-07-18 06:49:00,2025-07-18 18:51:59.960350,Failed,34.15,2,0,2.69,21.32,0.6243045387994144,722.9993391666667,0.029488270382893516,0.12617260787992496,C0468,1,0.05856515373352855,0,59.87
DL00534,O00816,D166,V069,H08,2025-02-13 20:53:00,2025-02-14 10:48:17.655941,OnTime,9.47,0,0,3.81,6.56,0.6927138331573389,835.2942656833334,0.007853519734908545,0.5807926829268293,C0113,0,0.0,0,92.56
DL00535,O01058,D033,V094,H07,2025-05-09 00:57:00,2025-05-09 02:20:23.931566,OnTime,23.45,3,0,3.15,18.56,0.7914712153518123,83.39885943333333,0.2225450099211049,0.1697198275862069,C0215,0,0.1279317697228145,0,86.92
DL00536,O01184,D055,V030,H01,2025-01-24 15:02:00,2025-01-25 19:26:40.923781,Failed,7.04,2,0,1.07,14.06,1.997159090909091,1704.6820630166667,0.00824787231885277,0.07610241820768136,C0253,1,0.2840909090909091,0,47.06
DL00537,O00083,D153,V033,H07,2024-10-23 00:53:00,2024-10-23 01:25:13.645321,OnTime,30.51,1,0,3.67,9.75,0.319567354965585,32.227422016666665,0.30253738555189774,0.3764102564102564,C0215,0,0.03277613897082923,0,91.3
DL00538,O00682,D141,V015,H07,2024-10-05 12:07:00,2024-10-05 20:38:02.796068,Delayed,8.55,0,1,2.66,3.46,0.40467836257309936,511.04660113333335,0.006770419747097148,0.7687861271676301,C0529,1,0.0,1,60.38
DL00539,O01160,D067,V111,H03,2024-05-13 01:19:00,2024-05-13 03:22:01.712270,OnTime,13.52,0,0,4.95,10.35,0.7655325443786982,123.02853783333333,0.08412682278660531,0.4782608695652174,C0548,0,0.0,0,99.69
DL00540,O00068,D008,V072,H04,2025-10-13 12:06:00,2025-10-13 15:29:29.316851,Delayed,16.2,2,0,3.21,16.04,0.9901234567901235,203.48861418333334,0.07882504907890689,0.20012468827930174,C0084,0,0.1234567901234568,0,62.35
DL00541,O01142,D022,V013,H04,2025-11-07 11:29:00,2025-11-08 09:47:08.900794,OnTime,6.68,1,0,3.89,8.98,1.344311377245509,1338.1483465666668,0.006710765680830751,0.433184855233853,C0136,0,0.14970059880239522,0,91.28
DL00542,O00415,D125,V114,H02,2024-06-27 18:22:00,2024-06-27 21:23:54.066359,OnTime,7.18,0,0,4.19,5.99,0.8342618384401115,181.90110598333334,0.03292998119840367,0.6994991652754592,C0591,0,0.0,0,94.94
DL00543,O00218,D102,V098,H03,2025-09-15 02:24:00,2025-09-15 02:34:49.446322,OnTime,12.01,0,0,5.0,5.87,0.48875936719400503,10.824105366666666,0.5423080985590677,0.8517887563884157,C0154,0,0.0,0,100.0
DL00544,O00345,D154,V082,H08,2025-10-04 22:41:00,2025-10-05 13:48:30.623730,Delayed,13.93,2,0,3.17,8.53,0.6123474515434314,907.5103955,0.009399341365451059,0.3716295427901524,C0337,0,0.14357501794687724,0,61.86
DL00545,O01067,D113,V072,H04,2024-06-16 04:56:00,2024-06-17 00:22:38.764981,Delayed,12.43,0,0,5.0,13.31,1.0707964601769913,1166.6460830166666,0.011408772715015282,0.3756574004507889,C0304,0,0.0,0,75.0
DL00546,O00324,D095,V052,H04,2025-08-06 07:36:00,2025-08-06 06:15:57.544779,OnTime,8.95,2,0,4.11,10.57,1.181005586592179,-80.04092035,,0.3888363292336802,C0019,0,0.223463687150838,0,91.78
DL00547,O00778,D014,V090,H05,2025-10-07 19:49:00,2025-10-07 21:46:03.475662,OnTime,11.03,0,0,4.93,14.38,1.303717135086129,117.0579277,0.12284516121670588,0.34283727399165503,C0514,1,0.0,0,99.56
DL00548,O00537,D132,V039,H05,2024-06-25 11:02:00,2024-06-25 18:55:41.523219,Failed,10.4,1,0,3.34,11.4,1.0961538461538463,473.69205365,0.02406626818448425,0.29298245614035084,C0153,1,0.09615384615384615,0,63.48
DL00549,O00476,D001,V094,H06,2024-02-23 06:45:00,2024-02-24 04:45:22.084547,OnTime,10.11,0,0,4.67,14.59,1.4431256181998022,1320.3680757833333,0.01104994907677104,0.32008224811514735,C0078,0,0.0,0,97.94
DL00550,O00572,D110,V065,H01,2025-02-06 21:04:00,2025-02-07 00:38:52.069531,OnTime,14.34,2,0,4.69,12.06,0.8410041841004184,214.86782551666667,0.056127528498046544,0.3888888888888889,C0202,0,0.1394700139470014,0,96.41
DL00551,O00448,D108,V114,H04,2025-02-11 16:05:00,2025-02-11 19:11:25.139103,OnTime,18.74,3,0,4.79,21.38,1.1408751334044824,186.41898505,0.11468788972467373,0.22404115996258187,C0487,0,0.16008537886873,0,96.79
DL00552,O00298,D115,V010,H01,2025-01-06 07:28:00,2025-01-06 09:41:48.771576,OnTime,1.9,1,0,4.8,13.26,6.978947368421053,133.8128596,0.09909361506537896,0.36199095022624433,C0184,0,0.5263157894736842,0,92.5
DL00553,O00491,D090,V066,H02,2024-07-03 16:22:00,2024-07-03 15:00:56.724747,OnTime,13.19,2,0,4.66,10.34,0.7839272175890827,-81.05458755,,0.4506769825918762,C0460,0,0.1516300227445034,0,96.07
DL00554,O00709,D117,V086,H04,2025-12-09 04:47:00,2025-12-09 15:45:16.170978,OnTime,11.59,1,0,4.69,14.76,1.27351164797239,658.2695163,0.022422426733297602,0.3177506775067751,C0369,0,0.08628127696289906,0,97.04
DL00555,O00839,D129,V013,H01,2024-01-31 20:31:00,2024-01-31 23:49:48.719703,OnTime,6.51,2,0,3.97,11.19,1.7188940092165899,198.81199505,0.05628433031510892,0.35478105451295805,C0046,0,0.30721966205837176,0,89.91
DL00556,O00702,D070,V030,H07,2024-12-28 22:07:00,2024-12-28 23:26:56.318304,OnTime,5.03,0,0,3.91,8.15,1.6202783300198806,79.9386384,0.10195320014357413,0.47975460122699387,C0228,0,0.0,0,93.19
DL00557,O00781,D055,V027,H08,2024-11-19 14:07:00,2024-11-20 00:38:27.684151,OnTime,17.54,2,0,5.0,13.31,0.7588369441277082,631.4614025166667,0.021078089566446145,0.3756574004507889,C0049,0,0.11402508551881414,0,98.65
DL00558,O00142,D024,V011,H05,2024-10-31 20:22:00,2024-11-01 11:32:26.519611,Failed,14.64,1,0,1.0,18.56,1.26775956284153,910.4419935166667,0.020385702913713676,0.05387931034482759,C0628,1,0.06830601092896174,0,49.19
DL00559,O00988,D131,V044,H05,2024-11-17 20:37:00,2024-11-18 16:31:21.183962,Failed,6.97,2,0,1.92,11.38,1.6327116212338595,1194.3530660333333,0.009528170792741444,0.16871704745166957,C0330,1,0.28694404591104733,0,52.34
DL00560,O00077,D127,V120,H08,2025-07-30 07:48:00,2025-07-30 11:13:32.980554,OnTime,4.49,2,0,4.38,14.99,3.3385300668151445,205.5496759,0.07292641029165446,0.29219479653102065,C0543,0,0.4454342984409799,0,90.84
DL00561,O00086,D054,V005,H03,2024-07-20 06:42:00,2024-07-20 06:20:25.478336,OnTime,7.67,2,0,3.5,19.2,2.503259452411995,-21.575361066666666,,0.18229166666666669,C0255,1,0.2607561929595828,0,87.53
DL00562,O00746,D128,V113,H08,2024-12-14 10:47:00,2024-12-14 15:16:25.399886,OnTime,13.59,0,0,3.98,10.51,0.7733627667402502,269.4233314333333,0.039009242236322864,0.3786869647954329,C0014,0,0.0,0,93.62
DL00563,O01238,D093,V045,H02,2025-04-18 05:35:00,2025-04-18 18:48:55.541447,OnTime,10.07,1,0,5.0,12.75,1.266137040714995,793.9256907833334,0.016059437486422825,0.39215686274509803,C0318,0,0.09930486593843098,0,98.82
DL00564,O00824,D077,V120,H03,2024-08-17 23:23:00,2024-08-18 08:25:18.768409,OnTime,18.23,0,0,4.18,10.05,0.5512890839275919,542.3128068166667,0.018531740120600704,0.4159203980099502,C0074,0,0.0,0,94.88
DL00565,O00344,D151,V022,H06,2024-08-28 08:16:00,2024-08-28 10:17:14.247044,OnTime,14.95,2,0,3.82,8.75,0.5852842809364549,121.23745073333333,0.07217241823441156,0.43657142857142855,C0594,0,0.13377926421404682,0,91.04
DL00566,O01226,D162,V082,H03,2025-03-02 06:49:00,2025-03-02 13:57:14.169691,OnTime,22.66,1,0,3.7,14.91,0.6579876434245366,428.23616151666664,0.034817237169308304,0.24815560026827632,C0140,0,0.0441306266548985,0,91.35
DL00567,O00918,D142,V051,H03,2024-11-26 06:40:00,2024-11-26 07:20:28.068828,OnTime,10.47,0,0,4.8,11.4,1.0888252148997135,40.4678138,0.2817053586423292,0.42105263157894735,C0147,0,0.0,0,98.75
DL00568,O00244,D167,V082,H04,2024-11-11 09:39:00,,OnTime,11.52,0,0,5.0,9.33,0.8098958333333334,,,0.5359056806002144,C0519,0,0.0,0,100.0
DL00569,O00312,D066,V116,H01,2025-11-07 01:03:00,2025-11-07 05:18:29.822078,OnTime,20.95,1,0,4.56,19.6,0.9355608591885443,255.49703463333333,0.07671321911085263,0.23265306122448975,C0164,0,0.0477326968973747,0,96.68
DL00570,O00319,D017,V028,H08,2024-01-22 10:23:00,2024-01-23 06:55:15.896869,OnTime,20.67,1,0,5.0,9.88,0.4779874213836478,1232.2649478166666,0.008017756260539128,0.5060728744939271,C0335,0,0.04837929366231253,0,99.43
DL00571,O00413,D003,V029,H01,2025-04-01 22:46:00,2025-04-02 03:26:31.358277,OnTime,23.53,3,0,4.5,14.49,0.615809604759881,280.52263795,0.05165358527172655,0.3105590062111801,C0183,0,0.1274968125796855,0,95.36
DL00572,O00905,D002,V048,H08,2025-09-04 03:45:00,2025-09-04 06:59:36.638257,OnTime,8.35,3,0,3.96,11.45,1.3712574850299402,194.61063761666668,0.05883542719054022,0.3458515283842795,C0622,0,0.3592814371257485,0,89.23
DL00573,O01214,D118,V077,H02,2024-05-07 23:32:00,2024-05-08 01:20:03.169081,OnTime,7.3,1,0,5.0,14.05,1.9246575342465755,108.05281801666666,0.13002900116712227,0.3558718861209964,C0386,0,0.136986301369863,0,98.37
DL00574,O00693,D048,V016,H05,2025-11-08 19:41:00,2025-11-09 11:16:21.047564,Failed,24.31,1,0,4.63,16.24,0.6680378445084327,935.3507927333334,0.01736246991627877,0.2850985221674877,C0199,1,0.04113533525298231,0,72.2
DL00575,O01177,D133,V105,H04,2024-10-17 04:35:00,2024-10-17 16:22:26.533829,OnTime,12.03,2,0,4.05,10.65,0.885286783042394,707.4422304833333,0.015054232757244062,0.38028169014084506,C0611,0,0.1662510390689942,0,92.09
DL00576,O00483,D133,V021,H08,2024-11-17 01:34:00,2024-11-17 16:32:57.970274,Failed,13.83,1,0,5.0,16.98,1.227765726681128,898.9661712333333,0.018888363704169592,0.2944640753828033,C0285,1,0.07230657989877079,0,74.14
DL00577,O00973,D108,V043,H05,2024-01-12 21:57:00,2024-01-12 22:09:43.637461,OnTime,21.03,1,0,3.86,12.99,0.6176890156918687,12.727291016666667,1.020641390456878,0.29715165511932257,C0506,0,0.0475511174512601,0,92.31
DL00578,O00115,D032,V108,H06,2024-02-21 08:24:00,2024-02-21 14:09:53.056302,OnTime,11.09,0,0,4.55,7.9,0.7123534715960325,345.8842717,0.02284000935102364,0.5759493670886076,C0157,0,0.0,0,97.19
DL00579,O00168,D103,V115,H03,2025-06-11 06:05:00,2025-06-11 21:51:41.279934,Delayed,14.98,1,0,3.78,8.97,0.5987983978638185,946.6879989,0.009475138599435773,0.42140468227424743,C0464,0,0.06675567423230974,0,66.58
DL00580,O00063,D026,V066,H04,2025-07-13 06:28:00,2025-07-13 16:43:18.243380,OnTime,15.1,1,0,4.99,17.2,1.1390728476821192,615.3040563333333,0.027953659370452962,0.29011627906976745,C0168,0,0.06622516556291391,0,99.15
DL00581,O00995,D139,V062,H01,2024-08-09 08:49:00,2024-08-10 09:03:16.605517,OnTime,12.14,4,0,3.48,16.92,1.3937397034596377,1454.2767586166667,0.011634649250734501,0.20567375886524822,C0622,0,0.32948929159802304,0,86.59
DL00582,O00765,D024,V091,H05,2024-07-13 04:34:00,2024-07-14 00:33:48.023452,Failed,19.38,2,0,2.4,22.61,1.1666666666666667,1199.8003908666667,0.01884480132871755,0.10614772224679345,C0187,1,0.10319917440660475,0,57.52
DL00583,O00064,D015,V098,H01,2025-10-14 08:48:00,2025-10-14 21:55:17.220317,OnTime,14.6,1,0,4.53,6.16,0.4219178082191781,787.2870052833333,0.007824338466990325,0.7353896103896104,C0346,0,0.0684931506849315,0,96.25
DL00584,O00588,D043,V103,H05,2024-06-03 13:36:00,2024-06-03 14:45:41.100373,OnTime,23.9,1,0,3.7,12.24,0.5121338912133891,69.68500621666666,0.1756475411933384,0.30228758169934644,C0515,0,0.041841004184100423,0,91.38
DL00585,O00132,D149,V049,H01,2025-01-22 10:55:00,2025-01-22 23:42:49.491594,Delayed,1.2,1,0,3.52,10.18,8.483333333333334,767.8248599,0.013258231833397298,0.34577603143418467,C0224,0,0.8333333333333334,0,55.85
DL00586,O01037,D076,V114,H03,2025-04-28 07:18:00,2025-04-28 14:44:30.163250,OnTime,15.54,0,0,3.51,12.03,0.7741312741312741,446.50272083333334,0.02694272495707916,0.29177057356608477,C0226,1,0.0,0,90.69
DL00587,O00182,D166,V009,H01,2024-01-12 10:05:00,2024-01-12 12:52:41.364362,OnTime,4.98,1,0,4.15,3.57,0.716867469879518,167.68940603333334,0.021289359205496586,1.1624649859943978,C0258,0,0.2008032128514056,0,92.3
DL00588,O00896,D131,V026,H06,2024-06-29 21:53:00,2024-06-30 14:00:23.479208,Failed,10.09,1,0,3.18,11.57,1.1466798810703667,967.3913201333334,0.011959999804841472,0.2748487467588591,C0145,1,0.09910802775024777,0,62.45
DL00589,O00940,D141,V102,H01,2025-10-26 07:53:00,2025-10-26 22:11:25.201566,Delayed,21.39,1,0,1.93,16.86,0.7882187938288919,858.4200261,0.01964073470722586,0.11447212336892053,C0575,0,0.04675081813931744,0,55.26
DL00590,O00229,D112,V017,H07,2024-08-31 05:34:00,2024-08-31 21:45:46.740651,Delayed,7.56,4,0,3.44,12.03,1.5912698412698412,971.77901085,0.012379357719897188,0.28595178719867,C0335,0,0.5291005291005292,0,58.97
DL00591,O00792,D087,V057,H01,2025-02-02 07:06:00,2025-02-02 11:27:14.267375,OnTime,11.26,1,0,3.22,8.22,0.7300177619893429,261.2377895833333,0.03146558548482079,0.3917274939172749,C0173,0,0.08880994671403197,0,87.82
DL00592,O00526,D146,V001,H04,2024-01-19 17:17:00,2024-01-19 20:32:43.768544,OnTime,17.21,2,0,4.58,20.05,1.1650203370133643,195.72947573333335,0.10243730498372465,0.228428927680798,C0630,0,0.11621150493898895,0,95.99
DL00593,O01174,D110,V058,H03,2024-11-21 09:11:00,2024-11-21 16:20:12.976159,OnTime,10.76,3,0,5.0,11.92,1.1078066914498141,429.2162693166667,0.02777154747413751,0.41946308724832215,C0605,0,0.2788104089219331,0,96.69
DL00594,O00267,D045,V064,H05,2024-01-16 23:13:00,2024-01-17 04:42:18.432187,OnTime,32.25,0,0,4.02,20.99,0.6508527131782945,329.30720311666664,0.06373987511157987,0.19151977131967604,C0256,0,0.0,0,93.88
DL00595,O01243,D139,V021,H01,2025-09-10 11:13:00,2025-09-10 20:20:03.690027,OnTime,9.13,2,0,4.84,13.68,1.4983570646221247,547.06150045,0.025006329249539862,0.3538011695906433,C0428,0,0.21905805038335158,0,96.4
DL00596,O00427,D102,V065,H06,2025-06-21 23:24:00,2025-06-21 21:57:52.381021,OnTime,16.37,0,0,4.1,8.58,0.5241295051924252,-86.12698298333333,,0.47785547785547783,C0151,0,0.0,0,94.38
DL00597,O00428,D049,V043,H07,2024-03-31 06:54:00,2024-03-31 06:32:00.000000,OnTime,1.2,0,0,4.12,3.74,3.116666666666667,-22.0,,1.1016042780748663,C0275,0,0.0,0,94.5
DL00598,O00753,D056,V032,H02,2025-01-18 05:04:00,2025-01-18 06:33:32.191118,OnTime,40.68,1,0,4.66,18.96,0.46607669616519176,89.53651863333333,0.2117571722622397,0.24578059071729957,C0369,0,0.024582104228121928,0,97.58
DL00599,O01150,D133,V112,H01,2025-02-20 06:18:00,2025-02-20 07:36:40.669805,OnTime,7.34,0,0,5.0,4.99,0.6798365122615804,78.67783008333333,0.06342320314013151,1.002004008016032,C0270,0,0.0,0,100.0
DL00600,O01099,D039,V114,H07,2024-04-05 23:46:00,2024-04-06 23:09:46.318144,OnTime,10.4,1,0,3.91,11.24,1.0807692307692307,1403.7719690666668,0.008006998463912339,0.34786476868327404,C0302,0,0.09615384615384615,0,92.05
DL00601,O00538,D166,V091,H08,2025-04-05 17:41:00,2025-04-05 16:25:34.808924,OnTime,8.52,1,0,3.0,10.47,1.2288732394366197,-75.41985126666667,,0.28653295128939826,C0377,0,0.11737089201877934,0,86.11
DL00602,O00318,D157,V009,H03,2024-08-17 01:09:00,2024-08-17 11:45:54.685050,Delayed,7.02,1,1,2.86,11.51,1.6396011396011396,636.9114175,0.018071586854540883,0.24847958297132927,C0009,0,0.14245014245014245,1,59.93
DL00603,O00194,D069,V082,H05,2024-03-16 09:13:00,2024-03-16 08:57:07.960316,OnTime,15.77,2,0,4.17,17.07,1.0824350031705772,-15.867328066666667,,0.24428822495606325,C0191,0,0.12682308180088778,0,93.31
DL00604,O00294,D064,V111,H07,2025-01-05 17:44:00,2025-01-05 19:37:29.599098,OnTime,20.21,1,0,4.67,17.56,0.8688767936665016,113.4933183,0.15472276485548841,0.2659453302961276,C0486,0,0.04948045522018803,0,97.35
DL00605,O00200,D093,V052,H02,2024-01-26 11:06:00,2024-01-26 15:50:01.016683,OnTime,17.8,0,0,4.59,9.58,0.5382022471910112,284.01694471666667,0.03373038185998706,0.4791231732776618,C0060,0,0.0,0,97.44
DL00606,O00012,D075,V112,H04,2024-01-16 13:32:00,2024-01-16 23:32:34.302064,OnTime,13.39,0,0,4.12,13.11,0.9790888722927557,600.5717010666667,0.02182920037143861,0.31426392067124337,C0567,1,0.0,0,94.5
DL00607,O00473,D119,V059,H01,2024-09-11 14:41:00,2024-09-11 13:15:00.000000,OnTime,1.35,0,0,4.72,7.33,5.42962962962963,-86.0,,0.6439290586630286,C0266,0,0.0,0,98.25
DL00608,O00357,D143,V042,H01,2024-12-28 16:27:00,2024-12-28 16:28:21.233113,OnTime,9.33,2,0,4.24,8.18,0.8767416934619506,1.3538852166666666,6.0418711271104435,0.5183374083129585,C0608,0,0.21436227224008575,0,92.7
DL00609,O00934,D062,V053,H01,2024-06-29 06:33:00,2024-06-29 22:14:24.213135,Failed,17.27,3,0,2.25,9.71,0.5622466705269253,941.40355225,0.010314386403995004,0.2317198764160659,C0437,1,0.17371163867979156,0,55.75
DL00610,O00259,D055,V050,H05,2025-09-09 11:34:00,2025-09-10 11:09:42.800177,OnTime,20.47,2,0,5.0,11.93,0.5828041035661945,1415.7133362833333,0.00842684722552645,0.4191114836546522,C0122,0,0.09770395701025893,0,98.84
DL00611,O00243,D117,V020,H05,2024-03-08 05:50:00,2024-03-08 09:35:20.717227,OnTime,12.23,1,0,3.99,12.18,0.9959116925592804,225.34528711666667,0.05405038710081441,0.32758620689655177,C0153,1,0.08176614881439084,0,92.72
DL00612,O00327,D166,V022,H07,2024-12-05 03:28:00,2024-12-05 03:46:56.748222,OnTime,8.47,1,0,4.42,13.57,1.602125147579693,18.9458037,0.7162535944569087,0.32571849668386144,C0435,0,0.11806375442739078,0,94.97
DL00613,O00361,D102,V020,H04,2024-01-16 11:16:00,2024-01-16 10:11:31.409394,OnTime,14.31,2,0,4.93,15.26,1.06638714185884,-64.4765101,,0.32306684141546527,C0345,0,0.1397624039133473,0,97.9
DL00614,O00179,D087,V104,H03,2024-07-25 18:39:00,2024-07-26 05:26:49.966486,OnTime,12.03,4,0,3.86,10.54,0.8761429758935994,647.8327747666667,0.01626963069874976,0.3662239089184061,C0343,0,0.3325020781379884,0,88.93
DL00615,O00627,D074,V069,H08,2025-04-22 20:08:00,2025-04-23 12:23:08.535650,Delayed,7.97,2,0,,13.12,1.646173149309912,975.1422608333334,0.013454447137577609,,C0114,0,0.25094102885821834,0,59.52
DL00616,O01068,D041,V081,H08,2025-04-10 22:22:00,2025-04-11 05:25:01.394964,Delayed,13.75,0,0,2.32,14.94,1.0865454545454545,423.0232494,0.03531720779222022,0.15528781793842034,C0089,0,0.0,0,58.25
DL00617,O01023,D030,V045,H04,2024-11-04 00:22:00,2024-11-04 03:37:02.503074,OnTime,13.63,0,0,4.33,8.71,0.6390315480557593,195.0417179,0.04465711281555524,0.49712973593570603,C0243,1,0.0,0,95.81
DL00618,O01159,D046,V024,H06,2024-07-26 02:15:00,2024-07-26 23:53:29.739470,OnTime,14.66,2,0,4.62,9.48,0.6466575716234653,1298.4956578333333,0.007300756027030776,0.4873417721518987,C0069,0,0.1364256480218281,0,96.0
DL00619,O00589,D146,V070,H08,2024-05-23 06:26:00,2024-05-24 04:08:02.677492,Failed,9.01,0,0,3.44,9.46,1.0499445061043287,1302.0446248666667,0.00726549598940876,0.3636363636363636,C0344,1,0.0,0,65.25
DL00620,O00642,D117,V098,H04,2024-06-28 03:31:00,2024-06-28 06:36:27.337495,OnTime,11.79,0,0,5.0,14.82,1.256997455470738,185.45562491666666,0.07991129957184785,0.33738191632928477,C0329,0,0.0,0,100.0
DL00621,O00838,D044,V110,H07,2025-01-25 00:38:00,2025-01-25 03:06:47.098821,OnTime,7.52,1,0,5.0,14.56,1.9361702127659577,148.78498035,0.09785934014138545,0.3434065934065934,C0549,1,0.13297872340425532,0,98.42
DL00622,O00939,D036,V097,H04,2025-01-24 02:51:00,2025-01-24 11:54:04.114992,OnTime,12.19,1,0,5.0,10.0,0.8203445447087777,543.0685832,0.018413880510405486,0.5,C0085,0,0.08203445447087777,0,99.03
DL00623,O00751,D166,V120,H03,2024-06-26 03:25:00,2024-06-26 07:03:25.132007,OnTime,9.76,2,0,3.82,11.28,1.1557377049180328,218.41886678333333,0.05164389032010458,0.33865248226950356,C0282,1,0.20491803278688525,0,90.19
DL00624,O00486,D110,V098,H02,2024-08-12 17:01:00,2024-08-12 18:38:04.590348,OnTime,19.21,0,0,,15.84,0.8245705361790734,97.0765058,0.16317027348135144,,C0316,0,0.0,0,87.5
DL00625,O00980,D098,V022,H04,2024-11-25 23:32:00,2024-11-26 15:30:09.084958,Delayed,19.05,1,1,1.83,20.54,1.0782152230971127,958.1514159666667,0.021437112817161007,0.08909444985394353,C0545,0,0.05249343832020997,1,54.56
DL00626,O00088,D082,V085,H05,2024-06-14 11:04:00,2024-06-15 12:38:34.881047,OnTime,18.51,1,0,4.57,17.13,0.925445705024311,1534.5813507833334,0.011162653574055178,0.26678342089900764,C0157,0,0.05402485143165856,0,96.67
DL00627,O00695,D142,V108,H06,2024-03-19 10:09:00,2024-03-19 13:51:55.023221,OnTime,10.41,0,0,4.25,17.46,1.6772334293948128,222.91705368333334,0.07832509766077811,0.2434135166093929,C0006,0,0.0,0,95.31
DL00628,O00166,D115,V095,H03,2025-05-30 18:43:00,2025-05-31 00:40:46.569082,Delayed,10.81,1,0,4.06,11.58,1.0712303422756706,357.7761513666667,0.0323666067617018,0.3506044905008635,C0517,0,0.09250693802035152,0,68.03
DL00629,O00987,D057,V031,H08,2024-05-23 08:59:00,2024-05-24 06:48:42.857665,OnTime,14.0,1,0,3.96,7.1,0.5071428571428571,1309.7142944166667,0.0054210296323919,0.5577464788732395,C0612,0,0.07142857142857142,0,92.65
DL00630,O00342,D153,V004,H08,2025-11-13 00:22:00,2025-11-13 04:27:35.276518,OnTime,13.33,0,0,3.97,5.52,0.4141035258814703,245.58794196666668,0.022476673552438587,0.7192028985507247,C0643,0,0.0,0,93.56
DL00631,O01083,D124,V090,H01,2025-05-05 10:46:00,2025-05-06 00:19:38.465562,Delayed,13.35,1,0,2.82,10.41,0.7797752808988765,813.6410927,0.012794339043834776,0.27089337175792505,C0156,0,0.0749063670411985,0,60.49
DL00632,O00498,D076,V084,H07,2024-10-28 08:11:00,2024-10-28 19:29:17.658601,Delayed,13.26,0,0,1.74,14.75,1.11236802413273,678.2943100166667,0.021745722737431736,0.11796610169491525,C0081,0,0.0,0,54.62
DL00633,O00272,D127,V047,H05,2024-12-11 06:48:00,2024-12-12 05:20:32.062021,OnTime,11.86,2,0,4.06,13.31,1.1222596964586848,1352.5343670166667,0.009840785065859984,0.3050338091660405,C0647,0,0.16863406408094436,0,92.12
DL00634,O00245,D077,V032,H02,2025-08-08 19:33:00,2025-08-09 05:46:51.012604,Delayed,11.96,1,0,2.3,9.41,0.7867892976588629,613.8502100666667,0.01532947263955165,0.24442082890541975,C0096,0,0.08361204013377926,0,57.13
DL00635,O00516,D053,V062,H06,2024-06-08 22:52:00,2024-06-09 07:32:45.394984,Failed,13.35,1,0,3.18,14.1,1.0561797752808988,520.7565830666666,0.02707598993173925,0.22553191489361704,C0473,1,0.0749063670411985,0,62.74
DL00636,O00880,D054,V104,H04,2024-08-24 19:54:00,2024-08-25 19:15:28.926324,OnTime,10.04,2,0,3.89,13.35,1.3296812749003986,1401.4821054,0.009525630008803965,0.2913857677902622,C0020,0,0.19920318725099603,0,90.7
DL00637,O01069,D011,V046,H08,2025-08-25 03:45:00,2025-08-25 12:09:57.353857,OnTime,7.12,0,0,3.8,8.9,1.25,504.9558976166667,0.017625301619422547,0.42696629213483145,C0219,0,0.0,0,92.5
DL00638,O00749,D091,V045,H05,2025-08-14 20:13:00,2025-08-15 07:31:38.980161,Delayed,14.19,0,0,4.22,10.35,0.7293868921775899,678.64966935,0.015250873119724744,0.4077294685990338,C0196,0,0.0,0,70.12
DL00639,O00090,D053,V073,H07,2024-10-23 06:26:00,2024-10-23 09:29:56.105722,OnTime,9.72,0,0,4.45,16.68,1.7160493827160492,183.93509536666667,0.09068416207765646,0.2667865707434053,C0490,0,0.0,0,96.56
DL00640,O00840,D119,V093,H08,2024-03-28 19:02:00,2024-03-28 22:58:27.534852,OnTime,11.78,2,0,5.0,10.44,0.8862478777589134,236.4589142,0.044151433390959886,0.47892720306513414,C0358,0,0.16977928692699493,0,97.98
DL00641,O00955,D092,V010,H01,2025-01-04 17:23:00,2025-01-05 10:38:24.537371,Failed,10.48,0,0,2.54,13.58,1.295801526717557,1035.4089561833334,0.013115590626198402,0.187039764359352,C0163,1,0.0,0,59.62
DL00642,O00212,D153,V024,H07,2025-01-04 23:50:00,2025-01-05 03:23:43.873352,OnTime,20.42,1,0,4.48,14.05,0.6880509304603329,213.73122253333332,0.0657367689824016,0.3188612099644128,C0121,0,0.04897159647404505,0,96.17
DL00643,O00926,D114,V047,H02,2024-07-03 02:35:00,2024-07-03 14:53:51.446255,OnTime,13.71,2,0,4.5,15.88,1.1582786287381472,738.8574375833333,0.021492644172251357,0.28337531486146095,C0322,0,0.14587892049598833,0,95.14
DL00644,O00585,D097,V119,H01,2025-02-25 14:04:00,2025-02-26 01:40:11.748100,Failed,6.36,0,0,3.11,13.31,2.092767295597484,696.1958016666666,0.01911818480969917,0.23365890308039067,C0160,1,0.0,0,63.19
DL00645,O00158,D129,V090,H02,2024-07-11 17:47:00,2024-07-12 22:44:12.693757,Failed,6.06,2,0,2.77,13.29,2.1930693069306932,1737.2115626166667,0.007650190849514033,0.20842738901429647,C0620,1,0.33003300330033003,0,57.14
DL00646,O00707,D023,V100,H06,2024-11-10 06:33:00,2024-11-10 10:57:20.611848,OnTime,8.31,0,0,4.38,4.79,0.5764139590854392,264.3435308,0.018120360220292557,0.9144050104384134,C0156,0,0.0,0,96.12
DL00647,O00550,D067,V001,H02,2025-01-19 02:17:00,2025-01-19 23:38:11.164766,OnTime,8.7,1,0,4.52,10.41,1.196551724137931,1281.1860794333334,0.008125283412854694,0.43419788664745435,C0502,0,0.1149425287356322,0,95.64
DL00648,O00551,D143,V045,H02,2024-06-16 13:01:00,2024-06-16 16:08:30.294842,OnTime,9.21,0,0,4.43,14.38,1.5613463626492943,187.50491403333334,0.07669132339349582,0.3080667593880389,C0317,0,0.0,0,96.44
DL00649,O00110,D075,V073,H01,2024-08-23 13:10:00,2024-08-23 14:46:36.192013,OnTime,9.4,1,0,5.0,12.55,1.3351063829787235,96.60320021666666,0.12991288044135402,0.398406374501992,C0446,0,0.10638297872340426,0,98.74
DL00650,O00106,D097,V035,H01,2025-11-29 06:15:00,2025-11-29 11:03:53.803798,OnTime,8.16,0,0,4.26,11.01,1.3492647058823528,288.89672996666667,0.038110504058908354,0.3869209809264305,C0065,0,0.0,0,95.38
DL00651,O00107,D090,V022,H04,2024-11-14 01:39:00,2024-11-14 11:26:39.070895,Delayed,6.01,1,0,3.71,9.58,1.594009983361065,587.6511815833334,0.01630218793092222,0.3872651356993737,C0205,0,0.1663893510815308,0,64.96
DL00652,O00928,D129,V028,H07,2024-02-28 14:26:00,2024-02-29 12:02:52.158985,OnTime,14.7,1,0,3.65,7.18,0.4884353741496599,1296.8693164166666,0.005536409805606938,0.5083565459610028,C0231,0,0.06802721088435375,0,90.75
DL00653,O00076,D043,V096,H04,2025-12-25 05:43:00,2025-12-25 15:29:42.609869,Delayed,12.43,3,0,2.71,13.03,1.0482703137570395,586.7101644833333,0.022208580639598144,0.20798158096699923,C0075,0,0.24135156878519712,0,57.82
DL00654,O00897,D078,V057,H04,2025-09-21 21:38:00,,Failed,17.42,0,0,2.92,13.13,0.753731343283582,,,0.22239146991622238,C0434,1,0.0,0,62.0
DL00655,O01222,D156,V042,H08,2025-09-10 03:29:00,2025-09-10 12:38:01.772929,OnTime,12.34,1,0,4.66,3.15,0.2552674230145867,549.0295488166666,0.005737396114269718,1.4793650793650794,C0361,0,0.08103727714748785,0,96.91
DL00656,O00747,D134,V089,H03,2025-08-05 09:12:00,2025-08-05 09:00:15.156688,OnTime,15.27,0,0,,12.29,0.8048461034708578,-11.747388533333334,,,C0264,0,0.0,0,87.5
DL00657,O00674,D145,V072,H01,2025-08-11 17:47:00,2025-08-12 09:13:33.120017,Failed,14.98,2,0,1.95,17.49,1.1675567423230973,926.5520002833333,0.018876436502917995,0.11149228130360207,C0235,1,0.13351134846461948,0,54.35
DL00658,O01123,D001,V073,H04,2024-01-31 07:38:00,2024-02-01 18:27:27.869371,Failed,6.23,1,0,4.41,6.01,0.9646869983948635,2089.4644895166666,0.0028763350754002185,0.7337770382695508,C0274,1,0.16051364365971107,0,69.41
DL00659,O00308,D046,V082,H02,2025-03-28 16:40:00,2025-03-29 03:35:29.941238,OnTime,34.92,2,0,4.31,16.73,0.47909507445589916,655.4990206333333,0.02552254003954991,0.2576210400478183,C0458,0,0.0572737686139748,0,95.01
DL00660,O00016,D008,V001,H02,2025-07-29 13:52:00,2025-07-29 17:01:03.042495,OnTime,16.1,2,0,3.36,14.03,0.8714285714285713,189.05070825,0.07421289309028546,0.23948681397006416,C0022,0,0.12422360248447203,0,88.27
DL00661,O01038,D145,V067,H03,2024-12-01 01:45:00,2024-12-01 06:12:25.970798,OnTime,19.41,2,0,4.41,17.61,0.9072642967542504,267.4328466333333,0.0658483063007753,0.25042589437819424,C0141,0,0.10303967027305512,0,95.09
DL00662,O00365,D118,V013,H03,2024-01-11 13:00:00,2024-01-11 14:14:42.407650,OnTime,21.14,0,0,4.62,16.89,0.7989593188268685,74.70679416666667,0.2260838547337389,0.27353463587921845,C0237,0,0.0,0,97.62
DL00663,O00865,D017,V070,H03,2024-03-22 01:14:00,2024-03-22 04:15:39.503337,OnTime,15.24,1,0,3.19,16.61,1.0898950131233596,181.65838895,0.09143535895042958,0.19205298013245034,C0597,1,0.06561679790026247,0,87.91
DL00664,O00430,D152,V027,H07,2025-01-15 03:49:00,2025-01-15 20:16:09.639972,Failed,20.64,1,1,3.36,25.46,1.2335271317829457,987.1606662,0.025791141069271262,0.1319717203456402,C0029,1,0.04844961240310077,1,64.17
DL00665,O00268,D124,V100,H03,2024-01-29 08:37:00,2024-01-29 12:14:11.321423,Delayed,20.03,3,1,2.49,15.01,0.7493759360958562,217.18869038333332,0.06911041257953016,0.1658894070619587,C0475,0,0.14977533699450823,1,57.53
DL00666,O00350,D055,V066,H05,2024-11-20 04:37:00,2024-11-20 06:18:52.302593,OnTime,5.38,0,0,4.67,10.56,1.962825278810409,101.87170988333334,0.1036597894753474,0.44223484848484845,C0197,1,0.0,0,97.94
DL00667,O01088,D049,V087,H08,2024-12-02 12:50:00,2024-12-02 16:12:08.912167,OnTime,9.91,1,0,4.8,13.21,1.3329969727547932,202.14853611666666,0.06534798744412411,0.3633610900832702,C0444,0,0.10090817356205853,0,97.55
DL00668,O01140,D107,V018,H05,2025-09-26 01:35:00,2025-09-26 08:09:15.372043,OnTime,19.54,0,0,4.57,16.84,0.8618219037871034,394.2562007166667,0.04271334216022163,0.27137767220902614,C0244,0,0.0,0,97.31
DL00669,O01235,D039,V001,H08,2025-06-01 03:54:00,2025-06-01 01:41:07.882075,OnTime,15.65,0,0,3.31,12.4,0.792332268370607,-132.86863208333332,,0.2669354838709677,C0636,0,0.0,0,89.44
DL00670,O01248,D098,V006,H04,2024-08-30 19:26:00,2024-08-31 15:46:01.398224,OnTime,11.65,1,0,4.28,17.56,1.5072961373390557,1220.0233037333333,0.014393167692998574,0.24373576309794992,C0517,0,0.08583690987124463,0,94.48
DL00671,O00005,D054,V073,H03,2025-02-17 20:23:00,2025-02-18 08:05:00.047082,OnTime,16.01,1,0,4.38,13.53,0.8450968144909431,702.0007847,0.019273482729484474,0.3237250554323725,C0558,0,0.062460961898813235,0,95.38
DL00672,O00017,D108,V030,H02,2025-05-27 11:38:00,2025-05-28 08:21:51.612170,OnTime,35.33,5,0,4.94,19.77,0.5595810925559015,1243.8602028333332,0.01589406908828404,0.24987354577642895,C0499,1,0.14152278516841213,0,97.94
DL00673,O00651,D125,V047,H03,2024-09-29 10:51:00,2024-09-29 14:22:58.189576,OnTime,13.26,0,0,4.71,11.92,0.8989441930618401,211.96982626666667,0.056234418879053824,0.3951342281879195,C0345,0,0.0,0,98.19
DL00674,O00456,D005,V078,H01,2024-01-16 04:57:00,2024-01-16 07:20:04.951071,OnTime,12.96,1,0,4.96,8.1,0.6249999999999999,143.08251785,0.05661068956370759,0.6123456790123457,C0124,0,0.07716049382716049,0,98.83
DL00675,O00436,D120,V008,H07,2025-01-29 18:44:00,2025-01-29 18:32:00.000000,OnTime,23.3,3,0,3.5,13.77,0.5909871244635193,-12.0,,0.25417574437182283,C0218,0,0.12875536480686695,0,89.1
DL00676,O00515,D033,V027,H05,2024-02-03 12:39:00,2024-02-03 16:14:23.609063,OnTime,3.67,1,0,3.87,10.33,2.8147138964577656,215.39348438333334,0.04795873946500543,0.37463697967086157,C0578,1,0.2724795640326976,0,89.7
DL00677,O00528,D001,V036,H03,2024-10-13 11:51:00,2024-10-13 21:30:51.369530,OnTime,18.36,2,0,3.82,10.56,0.5751633986928105,579.8561588333333,0.018211413018784952,0.3617424242424242,C0152,0,0.10893246187363835,0,91.33
DL00678,O00441,D133,V119,H07,2025-04-01 12:54:00,2025-04-01 23:37:24.658614,OnTime,8.13,0,0,4.29,6.46,0.7945879458794587,643.4109769,0.010040239025956226,0.6640866873065016,C0509,0,0.0,0,95.56
DL00679,O01122,D008,V098,H04,2025-10-06 07:57:00,2025-10-07 02:15:06.169683,Delayed,1.2,2,0,2.15,12.25,10.208333333333334,1098.10282805,0.011155603725885515,0.17551020408163265,C0390,0,1.6666666666666667,0,37.4
DL00680,O01148,D064,V056,H04,2024-11-19 06:45:00,2024-11-20 06:09:27.821347,OnTime,12.17,0,0,4.49,8.14,0.6688578471651603,1404.4636891166667,0.005795806657785243,0.5515970515970516,C0606,0,0.0,0,96.81
DL00681,O01197,D046,V033,H01,2024-01-27 02:16:00,2024-01-28 05:15:53.195121,Delayed,13.28,0,0,1.97,18.74,1.411144578313253,1619.88658535,0.011568711148966612,0.10512273212379937,C0359,1,0.0,0,56.06
DL00682,O00264,D039,V004,H08,2025-08-12 12:49:00,2025-08-12 18:08:01.672514,OnTime,11.86,0,0,5.0,14.2,1.197301854974705,319.02787523333336,0.044510217138907626,0.35211267605633806,C0633,1,0.0,0,100.0
DL00683,O00560,D102,V008,H03,2025-08-05 18:41:00,2025-08-06 09:14:19.454661,Delayed,21.04,0,0,2.52,19.01,0.9035171102661598,873.32424435,0.021767402110940838,0.13256180957390845,C0260,0,0.0,0,59.5
DL00684,O00986,D026,V027,H08,2024-02-06 11:40:00,2024-02-07 19:38:29.699653,Delayed,12.6,1,1,3.71,10.36,0.8222222222222222,1918.4949942166666,0.005400066214001279,0.3581081081081081,C0303,0,0.07936507936507936,1,66.0
DL00685,O00113,D002,V042,H03,2024-02-12 05:54:00,2024-02-12 22:59:20.709373,Failed,10.66,1,0,2.68,10.8,1.0131332082551596,1025.3451562166667,0.010533038493935052,0.24814814814814815,C0640,1,0.09380863039399624,0,59.39
DL00686,O00523,D083,V002,H08,2025-11-04 08:01:00,2025-11-04 12:17:37.381306,OnTime,24.04,3,0,5.0,12.99,0.5403494176372713,256.6230217666667,0.050618997121042,0.3849114703618168,C0181,0,0.12479201331114809,0,98.52
DL00687,O00328,D168,V072,H06,2024-09-12 07:45:00,2024-09-12 07:31:07.085573,OnTime,16.38,2,0,5.0,15.23,0.9297924297924298,-13.881907116666667,,0.3282994090610637,C0491,0,0.12210012210012211,0,98.55
DL00688,O00385,D117,V068,H03,2025-10-24 17:08:00,2025-10-24 17:53:05.729635,OnTime,17.58,0,0,4.16,13.79,0.7844141069397043,45.09549391666667,0.3057955197360286,0.3016678752719362,C0646,0,0.0,0,94.75
DL00689,O00165,D087,V048,H07,2024-03-16 15:57:00,2024-03-17 13:28:39.203588,OnTime,16.14,1,0,4.14,18.83,1.1666666666666665,1291.6533931333333,0.014578214325997776,0.21986192246415295,C0275,0,0.06195786864931846,0,93.89
DL00690,O00129,D167,V096,H01,2024-12-12 05:16:00,2024-12-13 10:27:02.080765,Failed,17.64,0,0,2.59,15.08,0.854875283446712,1751.0346794166667,0.008612051021755718,0.17175066312997347,C0538,1,0.0,0,59.94
DL00691,O00022,D055,V091,H01,2025-04-20 21:40:00,2025-04-21 17:33:54.635329,Delayed,4.45,0,0,4.36,13.49,3.0314606741573034,1193.9105888166666,0.01129900356556054,0.32320237212750186,C0594,0,0.0,0,71.0
DL00692,O00176,D093,V100,H07,2025-04-15 11:14:00,2025-04-15 11:40:03.053241,OnTime,14.91,0,0,3.65,16.9,1.1334674714956403,26.05088735,0.648730301311598,0.21597633136094677,C0479,0,0.0,0,91.56
DL00693,O00154,D137,V063,H03,2024-08-20 06:10:00,2024-08-20 23:47:35.347105,Delayed,13.63,0,0,2.62,11.31,0.8297872340425532,1057.5891184166667,0.01069413423705832,0.23165340406719717,C0535,0,0.0,0,60.13
DL00694,O00457,D087,V038,H05,2024-03-31 09:26:00,2024-04-01 08:43:50.348343,Failed,14.66,0,1,1.68,13.68,0.9331514324693042,1397.83913905,0.009786533813395157,0.12280701754385964,C0396,1,0.0,1,54.25
DL00695,O00195,D017,V067,H06,2024-06-02 20:32:00,2024-06-03 10:47:53.271479,Delayed,18.13,1,0,3.49,16.69,0.9205736348593493,855.8878579833333,0.019500218217051755,0.2091072498502097,C0404,1,0.05515719801434087,0,64.91
DL00696,O01210,D016,V035,H07,2025-04-01 13:32:00,2025-04-01 13:43:32.048965,OnTime,4.73,2,0,3.18,11.48,2.427061310782241,11.534149416666667,0.9953052960638414,0.2770034843205575,C0581,1,0.4228329809725158,0,83.6
DL00697,O00117,D010,V080,H06,2024-06-10 11:21:00,2024-06-10 22:34:18.056778,OnTime,13.19,1,0,5.0,10.04,0.7611827141774071,673.3009463,0.014911608330825837,0.4980079681274901,C0516,0,0.0758150113722517,0,99.1
DL00698,O00882,D101,V092,H07,2024-09-01 12:12:00,2024-09-01 22:24:02.651556,Failed,10.97,0,0,3.6,15.95,1.453965360072926,612.0441926,0.026060209692119543,0.22570532915360503,C0204,1,0.0,0,66.25
DL00699,O00388,D133,V091,H02,2025-10-07 00:43:00,2025-10-07 04:23:12.272724,OnTime,13.59,1,0,4.11,13.94,1.0257542310522443,220.2045454,0.06330477863060496,0.29483500717360117,C0292,1,0.07358351729212656,0,93.56
DL00700,O00027,D099,V115,H06,2025-02-26 02:22:00,2025-02-26 06:50:34.860335,OnTime,8.6,1,0,5.0,9.3,1.0813953488372094,268.5810055833333,0.034626424827776836,0.5376344086021505,C0024,0,0.11627906976744186,0,98.62
DL00701,O00440,D077,V084,H08,2024-12-03 03:36:00,2024-12-04 09:00:24.432584,Failed,12.65,0,0,5.0,10.83,0.8561264822134387,1764.4072097333333,0.006138038849680744,0.4616805170821791,C0032,1,0.0,0,75.0
DL00702,O00143,D104,V086,H06,2025-03-07 13:02:00,2025-03-08 13:13:35.260683,OnTime,18.33,2,0,4.86,10.36,0.5651936715766503,1451.58767805,0.007137012911212621,0.4691119691119692,C0545,0,0.10911074740861976,0,97.83
DL00703,O01098,D136,V020,H06,2025-04-24 09:34:00,2025-04-24 15:44:51.782386,Delayed,11.16,1,0,2.82,12.56,1.125448028673835,370.86303976666665,0.03386694993359891,0.22452229299363055,C0093,1,0.08960573476702509,0,60.31
DL00704,O01009,D058,V084,H08,2024-06-01 06:49:00,2024-06-01 07:25:55.005036,OnTime,1.84,0,0,4.35,5.9,3.206521739130435,36.9167506,0.159819049729691,0.7372881355932203,C0545,0,0.0,0,95.94
DL00705,O00084,D010,V061,H03,2025-05-13 08:46:00,2025-05-14 05:31:07.437328,Failed,15.18,2,0,4.04,12.68,0.8353096179183136,1245.1239554666668,0.010183725037438215,0.3186119873817035,C0103,1,0.13175230566534915,0,67.44
DL00706,O00625,D164,V117,H08,2025-07-12 06:16:00,2025-07-13 05:40:23.019020,OnTime,15.14,0,0,4.37,11.27,0.7443857331571995,1404.3836503333334,0.008024872688688053,0.38775510204081637,C0376,0,0.0,0,96.06
DL00707,O00514,D022,V013,H02,2025-11-12 08:13:00,2025-11-12 07:49:00.000000,OnTime,9.89,1,0,4.15,16.04,1.6218402426693628,-24.0,,0.2587281795511222,C0280,0,0.10111223458038422,0,93.49
DL00708,O00323,D089,V035,H07,2024-11-01 15:56:00,2024-11-01 20:54:40.422808,OnTime,7.15,1,0,4.49,3.79,0.5300699300699301,298.67371346666664,0.01268943274588837,1.1846965699208443,C0487,0,0.13986013986013984,0,95.15
DL00709,O00580,D125,V020,H02,2024-02-12 07:41:00,2024-02-12 10:11:17.170153,Delayed,14.43,1,1,4.39,8.47,0.586971586971587,150.28616921666668,0.056359144984185816,0.5182998819362455,C0461,0,0.0693000693000693,1,70.36
DL00710,O00262,D116,V119,H06,2024-02-28 06:22:00,2024-02-28 07:32:37.271724,OnTime,1.39,2,0,4.12,12.47,8.971223021582736,70.6211954,0.17657588390241266,0.33039294306335204,C0265,0,1.4388489208633095,0,77.41
DL00711,O00484,D028,V120,H08,2024-03-10 14:43:00,2024-03-11 13:39:05.378753,OnTime,16.19,3,0,3.77,8.83,0.5453983940704138,1376.0896458833333,0.0064167331150376365,0.42695356738391843,C0152,0,0.18529956763434216,0,90.11
DL00712,O01056,D134,V012,H07,2024-12-20 00:40:00,2024-12-20 11:07:55.426151,Delayed,11.83,1,0,4.95,3.1,0.2620456466610313,627.9237691833333,0.004936905006847895,1.596774193548387,C0203,0,0.08453085376162299,0,73.68
DL00713,O00728,D044,V039,H03,2024-10-21 06:15:00,2024-10-22 04:27:26.219534,OnTime,21.4,0,0,4.63,26.99,1.261214953271028,1332.4369922333333,0.020256117292841994,0.1715450166728418,C0610,0,0.0,0,97.69
DL00714,O00078,D140,V110,H04,2025-10-06 05:23:00,2025-10-06 11:04:38.381928,OnTime,10.21,0,0,4.53,20.77,2.0342801175318312,341.6396988,0.06079504247590092,0.21810303322099184,C0434,1,0.0,0,97.06
DL00715,O00621,D148,V098,H02,2025-05-15 19:44:00,2025-05-16 16:03:00.808189,Delayed,37.21,2,0,4.05,18.77,0.5044342918570277,1219.0134698166667,0.015397696961316524,0.21576984549813533,C0026,0,0.05374899220639613,0,68.42
DL00716,O00221,D158,V074,H08,2024-10-06 05:06:00,2024-10-06 15:10:08.357355,OnTime,3.43,1,0,3.66,8.24,2.402332361516035,604.13928925,0.01363923874282275,0.4441747572815534,C0298,1,0.29154518950437314,0,88.16
DL00717,O00530,D106,V016,H01,2024-03-31 08:10:00,2024-03-31 16:23:04.187319,Delayed,28.07,3,0,4.26,17.52,0.624153900961881,493.06978865,0.035532495405911746,0.24315068493150685,C0618,1,0.10687566797292483,0,69.11
DL00718,O00945,D067,V081,H01,2025-11-10 15:32:00,2025-11-11 06:12:24.070590,Delayed,9.2,0,0,2.3,15.84,1.7217391304347827,880.4011765,0.017991797856258315,0.1452020202020202,C0567,1,0.0,0,58.13
DL00719,O00138,D124,V020,H08,2025-10-02 07:02:00,2025-10-02 12:15:45.818877,Delayed,16.1,1,0,3.88,18.38,1.141614906832298,313.76364795,0.0585791251475026,0.21109902067464636,C0149,0,0.06211180124223602,0,67.26
DL00720,O01179,D097,V102,H06,2025-10-13 21:10:00,2025-10-14 08:32:17.261543,Delayed,9.37,1,0,3.0,9.84,1.0501600853788688,682.2876923833334,0.014422068739987677,0.3048780487804878,C0207,0,0.10672358591248667,0,61.23
DL00721,O00742,D086,V017,H04,2025-08-27 17:58:00,2025-08-28 08:37:04.718105,Delayed,29.21,1,0,3.51,23.07,0.7897980143786374,879.0786350833333,0.02624338606274176,0.15214564369310793,C0017,0,0.034234851078397806,0,65.28
DL00722,O00289,D097,V083,H04,2024-08-24 02:33:00,2024-08-25 00:27:20.637871,OnTime,16.76,0,0,4.24,19.9,1.1873508353221955,1314.3439645166666,0.015140633302423216,0.21306532663316585,C0574,1,0.0,0,95.25
DL00723,O00477,D050,V108,H03,2025-10-29 14:40:00,2025-10-30 01:19:52.481280,Delayed,6.67,2,1,3.25,17.41,2.610194902548726,639.874688,0.027208452414982855,0.18667432510051693,C0441,0,0.29985007496251875,1,60.5
DL00724,O00024,D003,V042,H01,2024-10-10 07:43:00,2024-10-10 10:21:10.389885,OnTime,17.9,0,0,4.76,14.39,0.8039106145251398,158.17316475,0.09097624127799465,0.33078526754690757,C0397,0,0.0,0,98.5
DL00725,O01115,D140,V094,H06,2025-11-29 00:00:00,2025-11-29 16:20:27.980617,Failed,13.65,1,0,2.1,12.34,0.904029304029304,980.4663436166667,0.012585847622755907,0.17017828200972449,C0492,1,0.07326007326007326,0,56.01
DL00726,O00085,D045,V023,H03,2024-03-02 09:54:00,2024-03-02 12:02:36.698020,OnTime,14.37,0,0,5.0,2.5,0.17397355601948505,128.61163366666668,0.01943836594502372,2.0,C0505,0,0.0,0,100.0
DL00727,O00520,D164,V080,H08,2024-07-07 13:40:00,2024-07-07 21:11:10.422460,Delayed,5.25,0,0,3.43,3.23,0.6152380952380953,451.17370766666664,0.007159105118745901,1.061919504643963,C0539,0,0.0,0,65.19
DL00728,O00951,D128,V093,H01,2024-04-30 16:16:00,2024-05-01 02:12:49.323509,Delayed,11.96,0,1,4.54,8.65,0.7232441471571907,596.8220584833333,0.01449343213282315,0.5248554913294797,C0199,1,0.0,1,72.12
DL00729,O00638,D004,V060,H04,2025-05-26 13:22:00,2025-05-26 17:18:46.459421,OnTime,5.33,1,0,4.2,9.65,1.8105065666041276,236.77432368333334,0.04075610838997096,0.43523316062176165,C0257,1,0.18761726078799248,0,92.77
DL00730,O00191,D170,V025,H05,2025-04-02 03:32:00,2025-04-02 14:46:58.691974,OnTime,8.68,1,0,4.06,5.48,0.631336405529954,674.9781995666667,0.008118780730278606,0.7408759124087589,C0641,0,0.1152073732718894,0,92.76
DL00731,O00386,D158,V042,H05,2024-12-16 21:08:00,2024-12-17 15:02:20.510372,Failed,18.68,3,1,3.05,12.76,0.683083511777302,1074.3418395333333,0.0118770390675119,0.2390282131661442,C0250,1,0.16059957173447537,1,60.91
DL00732,O00748,D024,V076,H01,2025-07-23 06:45:00,2025-07-24 15:06:33.826133,Failed,11.16,1,0,3.55,15.34,1.374551971326165,1941.5637688833333,0.007900847886558274,0.23142112125162972,C0412,1,0.08960573476702509,0,64.87
DL00733,O00252,D009,V114,H03,2024-03-10 16:48:00,2024-03-10 18:13:36.725392,OnTime,21.06,0,0,3.48,18.64,0.8850902184235518,85.61208986666666,0.21772625839446472,0.18669527896995708,C0232,0,0.0,0,90.5
DL00734,O00317,D106,V089,H02,2025-01-19 23:25:00,2025-01-20 05:14:31.689455,OnTime,12.54,0,0,3.99,12.79,1.0199362041467304,349.5281575833333,0.03659218784669916,0.311962470680219,C0094,0,0.0,0,93.69
DL00735,O00190,D150,V082,H01,2024-12-28 08:40:00,2024-12-28 07:08:00.000000,OnTime,13.27,0,0,3.68,10.58,0.7972871137905049,-92.0,,0.34782608695652173,C0622,0,0.0,0,91.75
DL00736,O00732,D123,V100,H02,2025-06-05 11:32:00,2025-06-06 04:00:13.299805,Failed,13.5,0,0,2.19,13.81,1.022962962962963,988.2216634166666,0.013974597513126215,0.15858073859522084,C0579,1,0.0,0,57.44
DL00737,O00247,D146,V015,H01,2024-07-13 21:14:00,2024-07-13 23:35:31.680653,OnTime,15.68,1,0,4.03,10.54,0.6721938775510203,141.52801088333334,0.07447289009585885,0.3823529411764706,C0613,1,0.06377551020408163,0,93.18
DL00738,O01163,D071,V022,H06,2024-09-10 01:38:00,2024-09-10 14:25:27.358815,Delayed,7.16,0,0,3.63,8.91,1.244413407821229,767.45598025,0.011609786397257016,0.4074074074074074,C0399,0,0.0,0,66.44
DL00739,O00644,D087,V078,H08,2025-11-03 10:33:00,2025-11-04 00:52:43.389587,Delayed,7.6,1,0,3.28,15.7,2.0657894736842106,859.7231597833334,0.01826169252431992,0.2089171974522293,C0084,0,0.13157894736842105,0,62.69
DL00740,O00889,D029,V021,H02,2024-02-24 23:01:00,2024-02-25 01:20:53.758444,OnTime,15.64,0,0,3.98,11.85,0.7576726342710997,139.89597406666667,0.08470579714004454,0.3358649789029536,C0322,0,0.0,0,93.62
DL00741,O00689,D113,V091,H01,2025-09-29 16:16:00,2025-09-29 22:27:15.676429,Delayed,15.66,1,0,1.65,8.71,0.5561941251596425,371.2612738166667,0.023460567029948576,0.18943742824339838,C0349,0,0.06385696040868455,0,53.3
DL00742,O00326,D056,V033,H06,2024-11-03 10:06:00,2024-11-04 02:59:58.168600,Delayed,13.55,0,1,2.51,15.1,1.1143911439114391,1013.9694766666667,0.014891967014273338,0.1662251655629139,C0178,1,0.0,1,59.44
DL00743,O00171,D158,V083,H03,2025-05-01 03:28:00,2025-05-01 03:30:56.577270,OnTime,33.77,0,0,5.0,13.64,0.4039087947882736,2.9429545,4.634798125489199,0.36656891495601174,C0447,0,0.0,0,100.0
DL00744,O00899,D052,V062,H06,2025-02-04 09:43:00,2025-02-04 23:30:54.825818,Delayed,25.36,5,0,1.64,13.11,0.5169558359621451,827.9137636333334,0.015834982549953306,0.12509534706331044,C0440,0,0.1971608832807571,0,51.66
DL00745,O00333,D092,V072,H07,2025-03-25 06:36:00,2025-03-25 23:16:54.876514,Failed,11.35,0,0,4.29,13.37,1.1779735682819383,1000.9146085666666,0.013357782857366978,0.32086761406133135,C0123,1,0.0,0,70.56
DL00746,O00431,D002,V097,H02,2025-03-29 13:29:00,2025-03-29 17:02:43.497442,OnTime,14.4,1,0,3.32,11.96,0.8305555555555556,213.72495736666667,0.05595977253831623,0.27759197324414714,C0425,0,0.06944444444444445,0,88.68
DL00747,O00482,D008,V085,H08,2025-11-10 04:00:00,2025-11-10 08:22:40.558319,OnTime,15.25,1,0,4.27,12.88,0.8445901639344263,262.67597198333334,0.04903379590736693,0.33152173913043476,C0268,1,0.06557377049180328,0,94.66
DL00748,O00741,D156,V119,H04,2025-05-30 02:47:00,2025-05-30 16:13:17.676946,Delayed,32.739999999999995,1,0,,16.92,0.5167990226023215,806.2946157666667,0.02098488526295266,,C0552,0,0.03054367745876604,0,62.14
DL00749,O01036,D026,V013,H06,2024-02-28 20:38:00,2024-02-28 23:29:47.067192,OnTime,13.64,1,0,4.27,10.07,0.7382697947214076,171.7844532,0.0586199729510796,0.42403177755710025,C0647,0,0.07331378299120234,0,94.57
DL00750,O00976,D156,V109,H08,2024-02-02 19:55:00,2024-02-03 23:06:56.973662,Delayed,13.29,0,0,2.64,10.65,0.8013544018058691,1631.9495610333333,0.006525936986224337,0.24788732394366197,C0078,0,0.0,0,60.25
DL00751,O00234,D136,V073,H01,2025-02-19 12:33:00,2025-02-19 17:19:04.396738,OnTime,13.68,0,0,5.0,8.76,0.6403508771929824,286.0732789666667,0.03062152477729567,0.5707762557077626,C0145,1,0.0,0,100.0
DL00752,O00020,D069,V013,H01,2024-05-09 23:04:00,2024-05-09 22:49:00.000000,OnTime,12.27,1,0,4.33,8.63,0.7033414832925836,-15.0,,0.5017381228273464,C0249,0,0.08149959250203749,0,94.84
DL00753,O01139,D163,V101,H04,2024-03-05 15:46:00,2024-03-05 23:19:36.199347,OnTime,17.13,1,0,4.6,16.29,0.9509632224168126,453.60332245,0.035912435367568586,0.2823818293431553,C0474,0,0.05837711617046118,0,96.81
DL00754,O00605,D027,V023,H03,2025-03-21 15:02:00,2025-03-21 13:30:56.020213,OnTime,1.2,1,0,4.18,7.11,5.925000000000001,-91.06632978333333,,0.5879043600562587,C0585,0,0.8333333333333334,0,84.98
DL00755,O01073,D084,V024,H08,2024-01-05 05:34:00,2024-01-05 21:45:54.509466,Delayed,21.74,1,0,2.22,13.13,0.6039558417663294,971.9084911,0.013509502304213382,0.16907844630616908,C0047,0,0.04599816007359706,0,57.08
DL00756,O00112,D130,V034,H07,2024-09-16 08:59:00,2024-09-16 07:27:00.000000,OnTime,13.07,3,0,3.11,16.72,1.2792654934965568,-92.0,,0.18600478468899523,C0051,0,0.22953328232593725,0,85.46
DL00757,O00074,D135,V002,H06,2025-10-18 14:03:00,2025-10-18 21:07:10.495229,Delayed,12.69,1,1,5.0,6.5,0.5122143420015761,424.1749204833333,0.01532386684388003,0.7692307692307693,C0644,0,0.07880220646178093,1,74.06
DL00758,O01126,D085,V043,H07,2025-05-02 17:34:00,2025-05-03 09:21:46.227061,Delayed,21.98,4,0,2.72,17.1,0.7779799818016379,947.7704510166667,0.01804234346160186,0.1590643274853801,C0587,0,0.18198362147406733,0,58.59
DL00759,O01240,D012,V120,H08,2025-10-08 15:19:00,2025-10-08 18:32:38.817145,OnTime,6.57,0,0,4.47,11.36,1.7290715372907153,193.64695241666666,0.05866345872336215,0.39348591549295775,C0649,1,0.0,0,96.69
DL00760,O00226,D081,V030,H04,2024-07-23 14:20:00,2024-07-24 15:40:22.678171,OnTime,12.22,0,0,4.2,14.58,1.193126022913257,1520.3779695166666,0.009589720643370696,0.2880658436213992,C0292,1,0.0,0,95.0
DL00761,O00810,D134,V088,H04,2024-04-16 04:12:00,2024-04-16 15:34:08.978231,OnTime,1.2,1,0,3.48,3.76,3.1333333333333333,682.1496371833333,0.005511987099378122,0.9255319148936171,C0408,0,0.8333333333333334,0,80.6
DL00762,O00864,D133,V002,H03,2024-08-04 01:29:00,2024-08-04 04:51:39.011458,OnTime,34.77,1,0,3.95,18.48,0.5314926660914581,202.65019096666666,0.09119162391038517,0.21374458874458874,C0246,1,0.02876042565429968,0,93.1
DL00763,O00837,D110,V059,H02,2024-04-18 19:06:00,2024-04-20 06:31:48.519667,Failed,16.1,0,1,3.96,13.38,0.831055900621118,2125.808661116667,0.0062940754004509585,0.2959641255605381,C0578,1,0.0,1,68.5
DL00764,O01187,D049,V004,H07,2025-11-17 02:29:00,2025-11-17 10:47:40.202073,Delayed,14.53,0,0,2.42,10.58,0.7281486579490709,498.67003455,0.02121643424904686,0.22873345935727787,C0451,0,0.0,0,58.88
DL00765,O00043,D126,V023,H06,2024-01-01 06:03:00,2024-01-01 15:35:48.325916,OnTime,16.23,1,0,4.81,15.76,0.9710412815773259,572.8054319333334,0.027513705564569866,0.3052030456852792,C0416,0,0.061614294516327786,0,98.08
DL00766,O00371,D082,V088,H07,2025-01-27 04:54:00,2025-01-27 12:48:47.192242,Failed,10.55,0,0,2.58,13.84,1.3118483412322275,474.78653736666666,0.029149941943934454,0.18641618497109827,C0530,1,0.0,0,59.88
DL00767,O00948,D096,V099,H02,2025-05-14 05:19:00,2025-05-14 14:53:57.043442,Delayed,5.39,2,0,3.98,3.62,0.6716141001855288,574.9507240333334,0.006296191740755381,1.0994475138121547,C0626,0,0.3710575139146568,0,64.22
DL00768,O00800,D086,V043,H04,2024-01-29 02:36:00,2024-01-29 18:44:35.264297,Delayed,14.84,0,0,1.74,20.01,1.3483827493261458,968.5877382833334,0.02065894416076805,0.08695652173913043,C0032,1,0.0,0,54.62
DL00769,O00957,D038,V048,H03,2024-02-28 03:47:00,2024-02-28 03:42:47.058541,OnTime,10.69,0,0,3.73,8.08,0.7558465855940132,-4.215690983333333,,0.46163366336633666,C0385,0,0.0,0,92.06
DL00770,O00217,D091,V077,H08,2024-01-22 08:17:00,2024-01-23 05:25:22.078025,OnTime,29.87,1,0,4.21,17.68,0.5918982256444593,1268.3679670833333,0.013939172589367674,0.23812217194570137,C0331,0,0.03347840642785403,0,94.66
DL00771,O00257,D003,V116,H01,2024-08-11 03:42:00,2024-08-11 07:16:26.127371,OnTime,11.52,2,0,4.78,14.84,1.2881944444444444,214.43545618333334,0.06920497320794011,0.3221024258760108,C0128,0,0.1736111111111111,0,96.56
DL00772,O01108,D135,V058,H07,2024-10-24 07:22:00,2024-10-24 12:22:16.408717,OnTime,15.77,0,0,4.48,12.1,0.7672796448953709,300.2734786166667,0.040296599139369976,0.37024793388429755,C0235,1,0.0,0,96.75
DL00773,O00080,D101,V050,H03,2025-11-13 05:00:00,2025-11-13 09:21:31.940911,OnTime,19.65,0,0,3.41,11.72,0.596437659033079,261.5323485166667,0.044812812130018864,0.2909556313993174,C0082,0,0.0,0,90.06
DL00774,O01180,D049,V032,H02,2024-09-07 21:42:00,2024-09-08 11:19:33.834567,Delayed,26.83,1,0,4.21,12.3,0.45844204248975035,817.56390945,0.015044695415034384,0.3422764227642276,C0197,1,0.03727171077152441,0,69.62
DL00775,O00153,D109,V040,H05,2025-02-09 09:08:00,2025-02-10 21:51:56.051970,Delayed,3.69,0,1,2.36,14.94,4.048780487804878,2203.9341995,0.006778786772939679,0.15796519410977242,C0378,0,0.0,1,58.5
DL00776,O00383,D036,V069,H02,2024-11-19 17:12:00,2024-11-19 15:56:11.367810,OnTime,15.59,0,0,4.41,14.25,0.914047466324567,-75.8105365,,0.30947368421052635,C0442,0,0.0,0,96.31
DL00777,O00316,D064,V088,H05,2025-07-31 14:43:00,2025-07-31 20:19:26.952510,OnTime,13.91,0,0,3.58,13.71,0.9856218547807334,336.4492085,0.04074909274158688,0.26112326768781907,C0094,0,0.0,0,91.12
DL00778,O00965,D143,V005,H08,2024-09-28 17:43:00,2024-09-29 14:06:23.080609,Failed,18.34,3,0,2.96,12.7,0.6924754634678298,1223.3846768166666,0.010381035696021874,0.23307086614173228,C0384,1,0.16357688113413305,0,60.31
DL00779,O01146,D127,V048,H08,2025-11-17 05:21:00,2025-11-17 11:08:16.099967,OnTime,6.04,1,0,4.27,15.07,2.4950331125827816,347.26833278333334,0.04339583710157192,0.28334439283344387,C0118,0,0.16556291390728478,0,93.47
DL00780,O01202,D155,V040,H01,2024-11-14 16:31:00,2024-11-14 23:40:12.695034,OnTime,12.72,0,0,3.64,15.59,1.22562893081761,429.2115839,0.036322412033576994,0.23348300192431046,C0459,0,0.0,0,91.5
DL00781,O00871,D082,V092,H02,2025-12-24 06:28:00,2025-12-25 04:08:15.868710,Failed,11.59,0,0,4.6,17.88,1.542709232096635,1300.2644785,0.013751048571769469,0.25727069351230425,C0298,1,0.0,0,72.5
DL00782,O00602,D019,V030,H07,2025-12-11 11:15:00,2025-12-12 05:39:43.350189,Delayed,16.3,0,0,3.47,13.54,0.8306748466257667,1104.72250315,0.012256471612909228,0.2562776957163959,C0257,1,0.0,0,65.44
DL00783,O00380,D099,V015,H07,2025-02-20 00:44:00,2025-02-20 20:49:44.816047,Failed,8.95,2,1,1.67,16.86,1.8837988826815644,1205.7469341166666,0.013983033688865798,0.09905100830367734,C0057,1,0.223463687150838,1,51.53
DL00784,O00073,D095,V039,H05,2025-03-31 05:10:00,2025-04-01 01:01:35.158033,Delayed,5.24,0,1,2.29,13.26,2.530534351145038,1191.5859672166666,0.011128026315191514,0.1726998491704374,C0331,0,0.0,1,58.06
DL00785,O00726,D099,V031,H01,2024-02-05 00:29:00,2024-02-05 02:55:03.780804,OnTime,18.6,1,0,4.22,17.03,0.9155913978494623,146.0630134,0.11659351401550642,0.24779800352319434,C0284,0,0.05376344086021505,0,94.49
DL00786,O00232,D083,V088,H06,2025-06-05 22:06:00,2025-06-06 00:04:10.671933,OnTime,15.42,0,0,5.0,14.69,0.9526588845654993,118.17786555,0.12430415739557245,0.34036759700476515,C0533,1,0.0,0,100.0
DL00787,O00102,D159,V071,H06,2024-05-22 00:18:00,2024-05-22 00:52:19.834138,OnTime,11.22,3,0,4.01,9.72,0.8663101604278075,34.33056896666667,0.28312959244682645,0.41255144032921803,C0253,1,0.267379679144385,0,90.64
DL00788,O00927,D108,V058,H05,2025-05-07 05:03:00,2025-05-08 00:15:39.140252,Failed,10.39,0,0,4.32,19.57,1.8835418671799806,1152.6523375333334,0.01697823303935655,0.22074603985692387,C0533,1,0.0,0,70.75
DL00789,O00536,D103,V031,H06,2025-11-03 11:23:00,2025-11-04 12:13:51.444514,Failed,15.28,3,1,3.03,11.56,0.7565445026178012,1490.8574085666667,0.0077539273263658144,0.2621107266435986,C0372,1,0.19633507853403143,1,60.36
DL00790,O00628,D170,V039,H08,2024-10-26 12:51:00,2024-10-27 03:56:55.676864,Delayed,12.25,0,1,3.68,5.21,0.4253061224489796,905.9279477333333,0.005751009241999456,0.7063339731285989,C0056,1,0.0,1,66.75
DL00791,O01047,D085,V116,H01,2025-11-10 17:11:00,2025-11-10 20:04:01.891025,OnTime,21.48,1,0,4.67,22.23,1.0349162011173185,173.03151708333334,0.12847370452918042,0.21007647323436796,C0121,0,0.04655493482309125,0,97.38
DL00792,O00033,D106,V094,H08,2025-12-30 21:39:00,2025-12-31 14:37:51.118085,Failed,14.69,1,0,3.2,16.8,1.143635125936011,1018.8519680833333,0.01648914712468407,0.19047619047619047,C0471,1,0.06807351940095303,0,62.94
DL00793,O00095,D119,V043,H03,2025-05-15 14:55:00,2025-05-16 13:44:08.347336,OnTime,17.36,2,0,4.7,14.29,0.8231566820276498,1369.1391222666666,0.010437215449911556,0.3289013296011197,C0378,0,0.1152073732718894,0,96.76
DL00794,O00265,D052,V079,H04,2024-05-19 02:54:00,2024-05-19 08:03:52.670590,Delayed,12.37,1,0,1.76,17.61,1.423605497170574,309.87784316666665,0.05682884526380457,0.09994321408290745,C0244,0,0.08084074373484236,0,53.79
DL00795,O00151,D068,V062,H05,2025-03-02 11:55:00,2025-03-02 16:00:58.681244,OnTime,2.99,0,0,4.03,9.67,3.234113712374582,245.97802073333332,0.039312455524159705,0.4167528438469494,C0446,0,0.0,0,93.94
DL00796,O00860,D139,V098,H05,2024-04-26 22:58:00,2024-04-26 23:15:49.272884,OnTime,19.21,2,0,4.08,14.76,0.7683498178032274,17.821214733333335,0.8282263706969678,0.2764227642276423,C0076,0,0.10411244143675169,0,93.01
DL00797,O00894,D138,V066,H01,2024-01-15 01:08:00,2024-01-15 04:42:43.941796,Delayed,11.19,1,0,3.85,5.56,0.4968722073279714,214.73236326666665,0.02589269691544018,0.6924460431654677,C0636,0,0.08936550491510277,0,66.75
DL00798,O00850,D046,V073,H07,2024-07-31 22:19:00,2024-08-01 02:44:15.525375,OnTime,12.93,2,0,4.63,14.15,1.094354215003867,265.25875625,0.053344139134332544,0.327208480565371,C0601,0,0.15467904098994587,0,95.85
DL00799,O01233,D125,V103,H04,2024-04-25 19:34:00,,OnTime,11.72,1,0,4.41,9.63,0.8216723549488055,,,0.45794392523364486,C0520,0,0.08532423208191126,0,95.3
DL00800,O01147,D001,V008,H02,2024-04-20 00:58:00,2024-04-20 13:46:46.149267,Delayed,10.59,1,0,3.41,13.12,1.23890462700661,768.76915445,0.017066241438089998,0.2599085365853659,C0165,0,0.09442870632672333,0,63.94
DL00801,O00463,D151,V118,H07,2025-02-20 02:40:00,2025-02-20 04:53:27.043106,OnTime,12.81,0,0,3.78,18.21,1.4215456674473068,133.45071843333332,0.13645486673866797,0.2075782537067545,C0370,0,0.0,0,92.38
DL00802,O00691,D092,V086,H08,2024-11-18 03:56:00,2024-11-18 14:22:24.207063,OnTime,11.27,0,0,3.79,9.97,0.8846495119787046,626.40345105,0.01591625969379308,0.38014042126379133,C0532,0,0.0,0,92.44
DL00803,O00368,D080,V093,H05,2024-12-05 00:47:00,2024-12-05 02:50:15.142329,OnTime,13.02,3,0,3.98,12.99,0.9976958525345623,123.25237215,0.1053935090530426,0.30638953040800615,C0552,0,0.2304147465437788,0,90.89
DL00804,O00015,D052,V097,H03,2025-11-09 05:43:00,2025-11-09 09:20:46.099682,OnTime,9.3,1,0,3.94,9.13,0.9817204301075269,217.76832803333335,0.0419252885966158,0.43154435925520257,C0300,1,0.1075268817204301,0,92.1
DL00805,O00215,D033,V057,H07,2024-01-07 12:44:00,2024-01-07 11:01:00.000000,OnTime,16.4,2,0,4.73,9.99,0.6091463414634147,-103.0,,0.4734734734734735,C0341,0,0.12195121951219513,0,96.86
DL00806,O00128,D117,V108,H07,2025-12-28 14:40:00,2025-12-30 04:18:53.684717,Delayed,40.11,2,1,2.68,24.27,0.6050860134629769,2258.894745283333,0.010744192508604828,0.1104243922538113,C0611,0,0.049862877088007976,1,59.91
DL00807,O00089,D103,V061,H05,2025-04-24 20:33:00,2025-04-25 04:18:13.985090,Failed,1.2,2,0,2.8,8.46,7.050000000000001,465.23308483333335,0.018184433299774327,0.33096926713947983,C0339,1,1.6666666666666667,0,41.46
DL00808,O00993,D055,V009,H04,2025-06-07 23:43:00,2025-06-08 22:37:54.973798,OnTime,10.76,1,0,4.77,9.73,0.9042750929368031,1374.9162299666666,0.0070767947806070295,0.4902363823227132,C0440,0,0.0929368029739777,0,97.46
DL00809,O01071,D043,V051,H05,2025-02-27 00:21:00,2025-02-27 16:48:45.890797,Delayed,13.21,1,1,4.41,16.54,1.2520817562452686,987.7648466166667,0.016744876127808655,0.2666263603385732,C0055,0,0.07570022710068129,1,70.41
DL00810,O00116,D120,V053,H08,2025-03-09 16:49:00,2025-03-09 19:25:36.988970,OnTime,15.23,0,0,5.0,11.22,0.7367038739330269,156.61648283333332,0.07163996915918484,0.44563279857397503,C0452,1,0.0,0,100.0
DL00811,O00404,D160,V082,H01,2025-10-17 23:22:00,2025-10-17 21:59:16.160742,OnTime,8.18,0,0,3.16,10.81,1.321515892420538,-82.7306543,,0.2923219241443108,C0139,0,0.0,0,88.5
DL00812,O01016,D073,V059,H02,2024-06-04 00:55:00,2024-06-04 05:47:54.997877,OnTime,23.74,4,0,5.0,11.75,0.49494524010109525,292.91663128333334,0.040113802854145286,0.425531914893617,C0407,0,0.16849199663016007,0,98.0
DL00813,O00869,D144,V045,H01,2024-02-26 07:08:00,2024-02-26 06:52:48.604826,OnTime,14.17,0,0,3.56,13.63,0.9618913196894849,-15.189919566666667,,0.2611885546588408,C0490,0,0.0,0,91.0
DL00814,O00471,D123,V060,H04,2025-06-07 15:06:00,2025-06-07 20:22:06.341483,OnTime,8.94,0,0,3.81,12.08,1.3512304250559284,316.10569138333335,0.03821506644545318,0.3153973509933775,C0346,0,0.0,0,92.56
DL00815,O00771,D134,V119,H03,2025-07-27 23:16:00,2025-07-28 07:38:20.534602,Delayed,13.86,0,0,2.94,18.01,1.2994227994227996,502.34224336666665,0.03585205154019717,0.16324264297612437,C0208,0,0.0,0,62.12
DL00816,O00857,D017,V047,H05,2025-05-20 21:07:00,2025-05-20 20:41:43.617855,OnTime,1.2,1,0,3.44,13.41,11.175,-25.27303575,,0.2565249813571961,C0104,1,0.8333333333333334,0,80.35
DL00817,O00356,D097,V078,H01,2025-05-27 05:41:00,2025-05-27 07:33:29.622512,OnTime,10.07,0,0,3.25,17.74,1.7616683217477653,112.49370853333333,0.15769770799887362,0.18320180383314544,C0430,0,0.0,0,89.06
DL00818,O01000,D035,V120,H07,2025-11-15 22:28:00,2025-11-16 03:01:40.812667,OnTime,35.25,1,0,5.0,23.18,0.6575886524822695,273.68021111666667,0.08469739154841063,0.21570319240724764,C0576,0,0.028368794326241134,0,99.66
DL00819,O00892,D142,V025,H03,2025-10-08 03:49:00,2025-10-08 10:54:14.928868,Delayed,32.56,2,0,,17.18,0.5276412776412776,425.24881446666666,0.04039987747301918,,C0157,0,0.06142506142506142,0,61.77
DL00820,O01192,D069,V030,H05,2024-12-13 17:39:00,2024-12-14 01:45:53.860264,Delayed,30.97,2,0,3.07,21.48,0.6935744268647078,486.89767106666665,0.04411604588895011,0.14292364990689013,C0200,0,0.06457862447529868,0,62.17
DL00821,O00424,D074,V080,H07,2025-07-11 10:13:00,2025-07-11 21:18:17.587417,OnTime,1.9,4,0,3.85,9.03,4.752631578947368,665.2931236166667,0.013572964576743422,0.42635658914728686,C0563,0,2.1052631578947367,0,67.81
DL00822,O00109,D084,V032,H03,2025-10-24 13:25:00,2025-10-24 16:28:58.560868,OnTime,6.47,1,0,3.13,12.84,1.9845440494590418,183.97601446666667,0.06979170647446757,0.24376947040498442,C0427,0,0.1545595054095827,0,86.48
DL00823,O00655,D104,V114,H08,2025-11-01 16:20:00,2025-11-02 05:35:54.325407,Failed,9.55,1,0,1.91,8.94,0.9361256544502616,795.90542345,0.011232490364556015,0.21364653243847875,C0590,1,0.10471204188481674,0,54.44
DL00824,O00369,D036,V080,H02,2024-10-02 13:42:00,2024-10-03 02:44:49.779290,Failed,10.19,2,0,4.45,7.81,0.7664376840039254,782.8296548333333,0.009976627675995196,0.5697823303457107,C0093,1,0.19627085377821393,0,69.23
DL00825,O01004,D147,V007,H05,2024-09-21 20:08:00,2024-09-22 02:23:36.861233,Failed,11.9,0,0,2.26,21.03,1.7672268907563025,375.6143538833333,0.055988275694416,0.10746552543984782,C0056,1,0.0,0,57.88
DL00826,O01087,D089,V021,H01,2025-12-14 08:53:00,2025-12-14 12:01:02.924988,OnTime,24.56,1,0,3.83,14.2,0.5781758957654723,188.0487498,0.07551233398308932,0.26971830985915496,C0248,0,0.04071661237785017,0,92.2
DL00827,O00079,D065,V030,H01,2025-03-10 06:56:00,2025-03-10 07:06:19.807951,OnTime,16.9,2,0,4.87,11.29,0.6680473372781065,10.330132516666668,1.0929191839296037,0.4313551815766165,C0353,0,0.1183431952662722,0,97.78
DL00828,O00879,D119,V069,H07,2025-07-04 02:40:00,2025-07-04 03:08:31.719036,OnTime,8.27,0,0,4.79,14.23,1.7206771463119712,28.5286506,0.49879681305361145,0.33661278988053406,C0419,0,0.0,0,98.69
DL00829,O00426,D101,V008,H03,2024-09-28 15:10:00,2024-09-28 16:18:55.493540,OnTime,7.91,2,0,3.83,6.45,0.8154235145385588,68.92489233333333,0.09358012441726606,0.5937984496124031,C0383,1,0.2528445006321112,0,89.68
DL00830,O01114,D164,V071,H01,2024-12-14 00:50:00,2024-12-13 23:09:00.000000,OnTime,11.1,2,0,4.33,10.17,0.9162162162162162,-101.0,,0.4257620452310718,C0278,0,0.1801801801801802,0,93.67
DL00831,O00023,D133,V053,H08,2025-10-05 05:51:00,2025-10-06 04:17:27.447541,Failed,15.56,0,1,2.38,10.87,0.698586118251928,1346.4574590166667,0.00807303634229817,0.218951241950322,C0077,1,0.0,1,58.62
DL00832,O01143,D083,V109,H06,2025-06-16 02:45:00,2025-06-16 13:02:41.765284,Failed,18.52,0,0,4.27,13.94,0.7526997840172787,617.6960880666667,0.022567732367596738,0.306312769010043,C0467,1,0.0,0,70.44
DL00833,O00712,D169,V106,H04,2025-05-26 11:52:00,2025-05-26 14:09:55.922884,OnTime,16.28,0,0,4.22,17.55,1.078009828009828,137.93204806666665,0.1272365650042227,0.24045584045584042,C0512,0,0.0,0,95.12
DL00834,O01165,D022,V099,H02,2025-12-13 07:00:00,2025-12-13 12:03:16.927322,OnTime,15.51,2,0,4.58,9.85,0.6350741457124436,303.28212203333334,0.032478010685105266,0.46497461928934014,C0478,0,0.1289490651192779,0,95.84
DL00835,O00188,D096,V005,H05,2025-09-09 04:34:00,2025-09-09 17:10:45.169556,Delayed,13.48,1,0,2.68,14.25,1.0571216617210681,756.7528259333334,0.018830454953934143,0.1880701754385965,C0558,0,0.07418397626112759,0,59.62
DL00836,O00206,D095,V057,H01,2025-12-10 16:47:00,,Failed,6.64,1,0,2.74,9.53,1.4352409638554218,,,0.28751311647429173,C0255,1,0.15060240963855423,0,59.09
DL00837,O01092,D052,V074,H03,2025-12-10 15:10:00,2025-12-10 21:02:34.959459,OnTime,5.31,0,0,3.76,9.42,1.7740112994350283,352.58265765,0.026717139358995355,0.39915074309978765,C0482,0,0.0,0,92.25
DL00838,O00909,D117,V103,H03,2025-01-05 03:05:00,2025-01-06 10:48:03.226335,Failed,14.62,1,1,2.31,20.66,1.4131326949384406,1903.05377225,0.010856235541664948,0.11181026137463698,C0324,1,0.06839945280437756,1,57.38
DL00839,O00566,D078,V096,H03,2024-04-07 01:03:00,2024-04-07 13:40:24.565912,Failed,7.89,2,1,1.65,11.74,1.487959442332066,757.4094318666666,0.015500203068591697,0.14054514480408858,C0455,1,0.2534854245880862,1,51.05
DL00840,O01162,D102,V106,H04,2025-06-09 11:40:00,2025-06-09 11:15:00.000000,OnTime,7.84,0,0,4.18,13.23,1.6875,-25.0,,0.31594860166288735,C0261,0,0.0,0,94.88
DL00841,O00733,D006,V068,H02,2024-08-06 08:40:00,2024-08-06 11:32:19.398363,OnTime,15.77,1,0,3.39,11.44,0.725428027901078,172.32330605,0.06638684146809867,0.29632867132867136,C0609,0,0.06341154090044389,0,89.18
DL00842,O00405,D102,V114,H07,2024-02-14 12:17:00,2024-02-14 16:30:15.173103,OnTime,5.55,1,0,3.88,8.89,1.6018018018018019,253.25288505,0.035103252617417716,0.43644544431946003,C0055,0,0.1801801801801802,0,90.86
DL00843,O00804,D138,V012,H05,2024-03-13 10:34:00,2024-03-14 09:16:16.175948,OnTime,17.19,1,0,4.66,12.85,0.7475276323443862,1362.2695991333333,0.009432787759614604,0.3626459143968872,C0383,1,0.05817335660267597,0,97.18
DL00844,O00991,D168,V093,H03,2025-01-03 18:00:00,2025-01-03 17:49:34.887899,OnTime,10.66,1,0,4.63,20.41,1.9146341463414633,-10.418535016666667,,0.2268495835374816,C0175,1,0.09380863039399624,0,96.57
DL00845,O01218,D162,V047,H05,2025-03-15 04:24:00,2025-03-15 06:23:14.327139,OnTime,32.79,2,0,4.64,13.5,0.4117108874656908,119.23878565,0.11321819428475537,0.3437037037037037,C0065,0,0.060994205550472705,0,97.03
DL00846,O01118,D038,V004,H03,2024-02-26 19:54:00,2024-02-26 23:58:17.438286,OnTime,17.64,0,0,4.01,17.89,1.0141723356009071,244.2906381,0.0732324420581224,0.2241475684740078,C0106,0,0.0,0,93.81
DL00847,O00134,D154,V035,H07,2024-12-22 18:38:00,2024-12-22 23:50:09.870311,OnTime,1.46,0,0,4.09,7.98,5.465753424657534,312.16450518333335,0.025563444489992124,0.512531328320802,C0010,0,0.0,0,94.31
DL00848,O00633,D080,V091,H08,2024-02-12 13:23:00,2024-02-12 14:55:42.792793,OnTime,20.03,3,0,3.93,10.97,0.5476784822765851,92.71321321666667,0.11832186178644889,0.35824977210574294,C0235,1,0.14977533699450823,0,91.53
DL00849,O00169,D160,V016,H08,2025-12-03 14:32:00,2025-12-03 15:00:07.363494,OnTime,8.52,2,0,4.31,13.73,1.6115023474178405,28.1227249,0.4882172708662381,0.3139111434814275,C0399,0,0.2347417840375587,0,92.9
DL00850,O00444,D060,V055,H05,2025-08-30 19:20:00,2025-08-30 22:59:39.779090,OnTime,4.26,4,0,4.32,8.71,2.0446009389671365,219.66298483333333,0.03965165094432551,0.4959816303099885,C0319,0,0.9389671361502347,0,84.6
DL00851,O01022,D141,V053,H04,2024-03-16 17:31:00,2024-03-17 21:55:48.709700,Delayed,2.38,0,0,3.21,3.58,1.5042016806722691,1704.8118283333333,0.002099938503770177,0.8966480446927374,C0061,0,0.0,0,63.81
DL00852,O00974,D013,V052,H03,2025-06-11 01:17:00,2025-06-11 03:21:30.595833,OnTime,15.52,1,0,4.65,18.68,1.2036082474226804,124.50993055,0.15002819387565708,0.24892933618843685,C0071,0,0.06443298969072166,0,97.05
DL00853,O00178,D073,V086,H01,2024-03-30 21:03:00,2024-03-31 00:39:18.302077,OnTime,12.77,3,0,4.19,15.35,1.20203602192639,216.30503461666666,0.07096459880003762,0.2729641693811075,C0287,0,0.23492560689115113,0,92.15
DL00854,O00954,D099,V055,H04,2024-07-14 03:27:00,2024-07-14 08:39:46.310886,Delayed,7.05,0,1,3.2,11.41,1.6184397163120567,312.7718481,0.03648026530940206,0.28045574057843997,C0599,0,0.0,1,63.75
DL00855,O00409,D154,V076,H08,2025-01-08 12:04:00,2025-01-09 09:15:54.067994,Delayed,7.29,0,0,3.36,13.69,1.877914951989026,1271.9011332333334,0.010763415207594232,0.24543462381300218,C0065,0,0.0,0,64.75
DL00856,O00223,D087,V083,H03,2025-08-10 18:09:00,2025-08-10 20:02:42.287729,OnTime,4.19,3,0,3.82,7.91,1.8878281622911692,113.70479548333333,0.06956610727257705,0.4829329962073325,C0172,0,0.7159904534606205,0,84.12
DL00857,O00292,D050,V045,H05,2025-10-29 18:17:00,2025-10-30 10:11:21.327276,Delayed,11.07,2,0,2.72,10.06,0.9087624209575429,954.3554546,0.010541145808420468,0.27037773359840955,C0060,0,0.18066847335140018,0,58.6
DL00858,O01075,D099,V007,H08,2024-06-26 10:08:00,2024-06-26 09:44:24.109661,OnTime,9.72,1,0,4.34,16.21,1.6676954732510287,-23.598172316666666,,0.26773596545342376,C0260,0,0.10288065843621398,0,94.65
DL00859,O00512,D164,V052,H05,2024-09-21 11:04:00,2024-09-21 23:34:35.779917,Delayed,24.2,0,1,5.0,13.25,0.5475206611570248,750.59633195,0.017652630896260003,0.37735849056603776,C0242,0,0.0,1,75.0
DL00860,O00280,D026,V027,H07,2025-09-21 00:35:00,2025-09-21 13:59:07.662772,OnTime,10.9,0,0,4.76,14.97,1.373394495412844,804.1277128666667,0.018616445821314696,0.31796927187708746,C0206,0,0.0,0,98.5
DL00861,O00381,D056,V094,H05,2024-11-29 00:04:00,2024-11-29 21:39:14.831680,OnTime,18.99,0,0,4.91,16.77,0.8830963665086888,1295.2471946666667,0.012947335511748224,0.2927847346451998,C0420,0,0.0,0,99.44
DL00862,O00031,D165,V037,H01,2024-10-25 04:57:00,2024-10-26 09:32:20.877141,Failed,8.4,1,0,1.41,9.28,1.1047619047619046,1715.34795235,0.005409981098754071,0.15193965517241378,C0573,1,0.11904761904761904,0,51.15
DL00863,O00597,D044,V030,H01,2025-01-09 13:40:00,2025-01-09 20:09:19.733033,OnTime,16.47,2,0,3.51,14.48,0.8791742562234366,389.32888388333333,0.03719220586864829,0.24240331491712705,C0238,0,0.12143290831815423,0,89.25
DL00864,O00818,D135,V076,H06,2025-10-27 16:02:00,2025-10-27 17:01:23.863641,OnTime,11.68,0,0,3.14,18.27,1.5642123287671232,59.39772735,0.3075875259055682,0.1718664477285167,C0561,0,0.0,0,88.38
DL00865,O00338,D148,V042,H01,2024-12-26 06:10:00,2024-12-26 11:25:57.005387,OnTime,7.72,0,0,3.6,16.7,2.1632124352331608,315.95008978333334,0.052856449610292025,0.2155688622754491,C0648,0,0.0,0,91.25
DL00866,O00969,D096,V041,H02,2024-10-14 22:32:00,2024-10-14 23:02:29.771193,OnTime,5.1,0,0,5.0,15.22,2.9843137254901966,30.49618655,0.49907879383692977,0.328515111695138,C0372,1,0.0,0,100.0
DL00867,O01117,D089,V079,H02,2025-06-20 01:47:00,2025-06-20 03:09:47.164152,OnTime,23.28,4,0,3.45,11.6,0.4982817869415807,82.7860692,0.14012019307229048,0.2974137931034483,C0296,0,0.1718213058419244,0,88.27
DL00868,O00452,D104,V100,H04,2025-11-27 11:55:00,2025-11-28 00:09:06.530401,Failed,6.57,1,0,3.69,18.09,2.7534246575342465,734.1088400166667,0.024642122549006898,0.20398009950248755,C0583,1,0.15220700152207,0,65.01
DL00869,O00038,D118,V119,H05,2025-10-06 20:46:00,2025-10-06 21:44:16.662558,OnTime,9.15,2,0,5.0,10.32,1.1278688524590164,58.2777093,0.17708314420656202,0.4844961240310077,C0142,0,0.2185792349726776,0,97.4
DL00870,O00650,D078,V110,H03,2025-09-30 12:39:00,2025-09-30 14:21:55.742656,OnTime,24.94,2,0,3.8,14.11,0.5657578187650361,102.92904426666666,0.13708472764445448,0.2693125442948264,C0206,0,0.08019246190858059,0,91.55
DL00871,O00715,D037,V047,H01,2025-06-17 16:20:00,2025-06-17 21:03:48.121999,OnTime,9.43,0,0,4.03,16.6,1.7603393425238603,283.80203331666667,0.058491476632507776,0.2427710843373494,C0477,1,0.0,0,93.94
DL00872,O00144,D120,V001,H03,2025-11-03 22:12:00,2025-11-04 05:41:26.643035,Delayed,15.53,1,0,3.54,11.71,0.7540244687701224,449.4440505833333,0.026054410965728872,0.30230572160546537,C0063,0,0.0643915003219575,0,65.11
DL00873,O00401,D049,V107,H07,2024-06-22 12:48:00,2024-06-23 10:19:08.707674,OnTime,10.68,0,0,3.77,10.34,0.9681647940074907,1291.1451279,0.008008394855516845,0.36460348162475825,C0252,0,0.0,0,92.31
DL00874,O01012,D006,V088,H02,2025-03-08 05:38:00,2025-03-08 16:05:25.585889,Delayed,10.15,0,1,2.81,12.54,1.2354679802955664,627.4264314833333,0.01998640696464364,0.2240829346092504,C0532,0,0.0,1,61.31
DL00875,O00189,D018,V052,H06,2025-11-22 08:49:00,2025-11-22 15:14:04.034420,OnTime,11.7,0,0,4.44,11.84,1.011965811965812,385.06724033333336,0.030747876629937946,0.37500000000000006,C0388,0,0.0,0,96.5
DL00876,O00609,D161,V035,H04,2024-09-15 07:47:00,2024-09-15 19:49:21.706357,OnTime,5.01,0,0,4.72,14.22,2.8383233532934136,722.3617726166667,0.019685427079688615,0.3319268635724332,C0621,0,0.0,0,98.25
DL00877,O01193,D061,V087,H04,2025-04-18 00:35:00,2025-04-18 07:54:09.214237,OnTime,4.93,0,0,4.08,10.71,2.1724137931034484,439.1535706166667,0.02438782402465917,0.38095238095238093,C0519,0,0.0,0,94.25
DL00878,O00629,D164,V016,H06,2024-10-04 07:36:00,2024-10-04 09:57:13.852551,OnTime,5.77,0,0,4.7,10.43,1.807625649913345,141.23087585,0.07385070677517859,0.4506232023010547,C0368,1,0.0,0,98.12
DL00879,O00139,D033,V013,H02,2025-09-15 19:42:00,2025-09-16 03:58:23.662269,Delayed,9.42,1,1,3.94,10.97,1.164543524416136,496.39437115,0.022099364210326825,0.3591613491340018,C0545,0,0.10615711252653928,1,67.11
DL00880,O00273,D047,V098,H04,2025-02-28 02:41:00,2025-03-01 01:58:54.611942,OnTime,7.39,0,0,4.49,9.91,1.341001353179973,1397.9101990333334,0.007089153514190574,0.4530776992936428,C0642,0,0.0,0,96.81
DL00881,O00632,D127,V032,H01,2024-08-09 22:03:00,2024-08-10 04:52:23.207494,Delayed,12.77,5,1,3.32,11.86,0.9287392325763508,409.38679156666666,0.028970157914996277,0.2799325463743676,C0611,0,0.39154267815191857,1,59.85
DL00882,O01151,D039,V036,H03,2024-06-26 13:58:00,2024-06-27 02:26:43.512371,OnTime,3.86,0,0,4.76,7.4,1.917098445595855,748.7252061833333,0.00988346584152268,0.6432432432432432,C0100,0,0.0,0,98.5
DL00883,O00917,D101,V077,H02,2024-04-07 15:38:00,2024-04-08 07:05:34.617010,Delayed,11.42,0,1,2.31,14.58,1.276707530647986,927.5769501666666,0.015718372472904023,0.15843621399176955,C0027,0,0.0,1,58.19
DL00884,O00407,D056,V105,H01,2025-02-23 07:26:00,2025-02-23 18:31:02.305838,OnTime,12.58,1,0,4.81,14.99,1.1915739268680445,665.0384306333333,0.02254005078432029,0.3208805870580387,C0575,0,0.0794912559618442,0,97.87
DL00885,O00675,D126,V073,H06,2024-02-19 20:14:00,2024-02-20 19:38:10.153872,OnTime,15.92,0,0,4.37,16.87,1.059673366834171,1404.1692312,0.012014221380981932,0.2590397154712507,C0445,0,0.0,0,96.06
DL00886,O00968,D050,V094,H02,2024-11-21 05:45:00,2024-11-21 17:49:42.646868,Delayed,1.2,2,0,3.45,10.2,8.5,724.7107811333333,0.014074580185006782,0.3382352941176471,C0529,1,1.6666666666666667,0,45.52
DL00887,O00577,D155,V097,H02,2025-06-09 23:14:00,2025-06-10 01:19:26.467155,OnTime,29.9,0,0,4.18,18.94,0.6334448160535118,125.44111925,0.15098717321114782,0.22069693769799364,C0641,0,0.0,0,94.88
DL00888,O01129,D055,V027,H07,2025-03-23 16:39:00,2025-03-24 16:16:34.620357,Failed,11.78,2,0,3.61,7.64,0.6485568760611206,1417.57700595,0.005389477938716984,0.4725130890052356,C0292,1,0.16977928692699493,0,64.3
DL00889,O01172,D105,V002,H08,2024-09-17 20:42:00,2024-09-18 08:31:55.588869,Failed,7.09,0,1,4.37,11.81,1.6657263751763047,709.92648115,0.016635525386895198,0.37002540220152413,C0383,1,0.0,1,71.06
DL00890,O00384,D103,V020,H03,2024-01-01 16:28:00,2024-01-02 02:33:42.522654,Delayed,9.61,0,0,3.51,9.44,0.9823100936524454,605.7087109,0.015585049100537872,0.3718220338983051,C0469,0,0.0,0,65.69
DL00891,O00963,D013,V077,H07,2025-06-06 13:03:00,2025-06-07 11:56:40.215906,OnTime,9.94,0,0,4.61,14.44,1.4527162977867203,1373.6702651,0.010511984110647398,0.31925207756232693,C0528,0,0.0,0,97.56
DL00892,O00392,D163,V115,H07,2025-11-24 12:15:00,2025-11-24 14:18:34.201194,OnTime,9.31,1,0,4.42,14.7,1.5789473684210524,123.5700199,0.11896089368518423,0.30068027210884357,C0356,0,0.10741138560687433,0,95.1
DL00893,O00981,D062,V023,H05,2025-01-11 23:09:00,2025-01-13 08:12:13.529331,Delayed,25.18,1,0,4.52,10.11,0.40150913423351864,1983.22548885,0.005097756183974027,0.44708209693372897,C0597,1,0.03971405877680699,0,71.53
DL00894,O00724,D094,V120,H06,2025-11-18 10:15:00,2025-11-18 22:57:13.153771,Delayed,25.57,0,0,2.58,20.64,0.8071959327336723,762.2192295166667,0.027078823520482548,0.125,C0317,0,0.0,0,59.88
DL00895,O01157,D068,V023,H07,2024-07-08 22:06:00,2024-07-08 20:56:21.355704,OnTime,17.68,1,0,4.43,9.26,0.5237556561085973,-69.6440716,,0.47840172786177104,C0012,0,0.05656108597285068,0,95.77
DL00896,O00177,D042,V023,H06,2025-12-25 05:07:00,2025-12-25 09:26:55.150084,OnTime,11.26,1,0,4.39,12.49,1.1092362344582594,259.91916806666666,0.04805340095885672,0.3514811849479583,C0477,1,0.08880994671403197,0,95.13
DL00897,O00672,D084,V043,H07,2025-01-04 00:01:00,2025-01-04 23:54:43.323541,OnTime,33.64,2,0,4.06,29.43,0.8748513674197383,1433.7220590166667,0.020526991138146312,0.13795446822969756,C0567,1,0.059453032104637336,0,93.42
DL00898,O00283,D088,V047,H07,2024-05-26 17:54:00,2024-05-27 03:34:21.672952,Delayed,10.44,3,0,3.85,17.21,1.6484674329501918,580.3612158666666,0.02965394573153879,0.22370714700755373,C0430,0,0.2873563218390805,0,64.4
DL00899,O00549,D129,V040,H08,2025-08-14 11:47:00,2025-08-14 19:36:01.656848,OnTime,5.78,2,0,3.72,9.14,1.5813148788927336,469.0276141333333,0.01948712554353296,0.40700218818380746,C0119,0,0.3460207612456747,0,87.89
DL00900,O00199,D039,V053,H07,2024-10-02 14:11:00,2024-10-03 02:06:29.294093,OnTime,12.4,0,0,5.0,8.44,0.6806451612903225,715.4882348833333,0.011796140856706352,0.5924170616113744,C0595,0,0.0,0,100.0
DL00901,O00730,D099,V067,H05,2025-09-19 11:31:00,2025-09-19 09:28:50.058935,OnTime,13.94,1,0,3.7,13.05,0.9361549497847921,-122.16568441666666,,0.2835249042145594,C0353,0,0.07173601147776183,0,91.02
DL00902,O00018,D015,V047,H06,2024-03-08 23:03:00,2024-03-09 02:59:39.833152,OnTime,17.27,0,0,5.0,12.37,0.7162709901563404,236.66388586666667,0.052268219778023484,0.40420371867421184,C0506,0,0.0,0,100.0
DL00903,O00130,D130,V051,H03,2024-01-11 00:41:00,2024-01-11 03:13:51.759410,OnTime,19.22,4,0,3.42,14.82,0.7710718002081166,152.86265683333335,0.09694977378391569,0.23076923076923075,C0259,0,0.20811654526534862,0,87.65
DL00904,O01102,D160,V112,H04,2025-08-19 06:18:00,2025-08-19 09:41:36.852221,OnTime,32.81,0,0,4.79,16.84,0.5132581530021335,203.61420368333333,0.08270542867525123,0.2844418052256532,C0323,0,0.0,0,98.69
DL00905,O01020,D028,V013,H04,2024-10-23 02:30:00,2024-10-23 11:04:29.734438,Delayed,30.71,1,0,3.81,18.26,0.5945945945945946,514.4955739666667,0.0354910730508695,0.20865279299014236,C0321,0,0.0325626831650928,0,67.18
DL00906,O01229,D168,V110,H08,2025-05-27 01:11:00,2025-05-27 09:44:29.154606,Failed,18.6,1,1,2.35,16.73,0.8994623655913978,513.4859101,0.032581225055896626,0.14046622833233713,C0399,0,0.05376344086021505,1,57.8
DL00907,O00884,D096,V103,H08,2024-04-17 02:46:00,2024-04-17 08:08:07.579546,OnTime,3.96,0,0,3.59,16.11,4.068181818181818,322.12632576666664,0.05001143561196962,0.2228429546865301,C0339,1,0.0,0,91.19
DL00908,O00145,D088,V042,H03,2024-11-02 11:50:00,2024-11-02 21:56:28.563587,OnTime,10.05,1,0,5.0,14.53,1.4457711442786068,606.4760597833333,0.02395807677089664,0.3441156228492774,C0595,0,0.09950248756218905,0,98.82
DL00909,O01204,D033,V001,H02,2025-08-13 17:56:00,2025-08-13 20:26:21.358387,Delayed,10.35,2,0,2.77,8.9,0.8599033816425121,150.35597311666666,0.059192859555331184,0.3112359550561798,C0498,0,0.1932367149758454,0,58.77
DL00910,O01002,D071,V005,H04,2024-06-14 09:09:00,2024-06-14 22:29:41.070065,Delayed,26.61,1,0,4.05,16.25,0.6106726794438181,800.6845010833333,0.020295134947677398,0.24923076923076923,C0607,0,0.03757985719654265,0,68.62
DL00911,O00806,D004,V119,H01,2025-04-17 16:52:00,2025-04-18 01:40:49.580737,OnTime,13.69,0,0,4.33,14.98,1.0942293644996348,528.8263456166667,0.028326879180975293,0.2890520694259012,C0622,0,0.0,0,95.81
DL00912,O00355,D011,V095,H02,2025-10-11 00:12:00,2025-10-11 15:59:08.940020,Delayed,21.47,2,0,3.69,9.33,0.4345598509548207,947.1490003333333,0.009850614841715994,0.3954983922829582,C0006,0,0.09315323707498836,0,65.71
DL00913,O00239,D096,V081,H04,2024-05-18 06:34:00,2024-05-18 12:24:14.005035,OnTime,12.6,1,0,3.49,15.18,1.2047619047619047,350.23341725,0.04334252316409993,0.22990777338603427,C0399,0,0.07936507936507936,0,89.62
DL00914,O00270,D157,V006,H05,2025-10-26 17:01:00,2025-10-26 17:58:50.299137,OnTime,10.96,0,0,4.41,15.03,1.3713503649635035,57.83831895,0.25986232436999274,0.29341317365269465,C0561,0,0.0,0,96.31
DL00915,O00873,D004,V047,H03,2024-11-28 13:17:00,2024-11-28 17:51:16.689113,OnTime,9.84,0,0,3.99,16.74,1.701219512195122,274.27815188333335,0.061032932754777,0.23835125448028677,C0015,0,0.0,0,93.69
DL00916,O01100,D036,V049,H03,2025-08-01 15:41:00,2025-08-01 15:52:41.636010,OnTime,22.62,1,0,4.95,17.14,0.757736516357206,11.6939335,1.4657172456128642,0.2887981330221704,C0239,0,0.044208664898320066,0,99.16
DL00917,O00700,D077,V102,H05,2024-01-13 04:19:00,2024-01-13 07:59:11.863044,OnTime,12.76,0,0,4.06,9.47,0.7421630094043887,220.1977174,0.043006803666349,0.42872228088701153,C0443,0,0.0,0,94.12
DL00918,O00645,D097,V086,H08,2024-12-26 21:17:00,2024-12-27 04:43:50.631471,OnTime,10.63,1,0,4.21,10.43,0.9811853245531513,446.84385785,0.023341486778366376,0.40364333652924256,C0517,0,0.09407337723424271,0,93.95
DL00919,O00763,D139,V097,H04,2025-12-26 20:25:00,2025-12-26 23:44:12.237781,OnTime,5.38,2,0,5.0,10.53,1.9572490706319703,199.20396301666668,0.05286039414345885,0.47483380816714155,C0020,0,0.3717472118959108,0,95.59
DL00920,O00686,D133,V034,H03,2025-01-05 15:05:00,2025-01-06 12:10:59.396753,Failed,5.08,1,1,3.09,4.15,0.8169291338582678,1265.9899458833333,0.0032780671074795734,0.7445783132530119,C0476,1,0.19685039370078738,1,60.72
DL00921,O00332,D063,V108,H08,2025-01-04 02:49:00,2025-01-05 01:59:36.355790,Failed,6.36,0,0,2.34,9.47,1.4889937106918238,1390.6059298333332,0.006809981028295341,0.24709609292502638,C0110,1,0.0,0,58.38
DL00922,O00399,D112,V090,H07,2024-03-08 19:10:00,2024-03-08 22:43:49.202012,Delayed,12.65,5,1,3.39,14.07,1.1122529644268775,213.82003353333334,0.06580300155928358,0.24093816631130063,C0644,0,0.3952569169960474,1,60.24
DL00923,O00047,D071,V012,H03,2025-11-28 04:59:00,2025-11-28 05:50:08.491873,OnTime,19.03,0,0,4.7,16.28,0.8554913294797688,51.141531216666664,0.3183322754070074,0.28869778869778867,C0220,0,0.0,0,98.12
DL00924,O00717,D155,V027,H01,2024-12-12 23:23:00,2024-12-13 02:04:50.318852,OnTime,15.39,0,0,4.6,15.3,0.9941520467836258,161.83864753333333,0.09453860516752474,0.3006535947712418,C0508,1,0.0,0,97.5
DL00925,O00003,D041,V100,H02,2025-09-02 16:59:00,2025-09-03 01:50:39.644673,Delayed,13.04,2,0,3.7,13.16,1.0092024539877302,531.66074455,0.024752626811179526,0.2811550151975684,C0161,0,0.15337423312883436,0,65.05
DL00926,O00574,D031,V046,H03,2024-05-03 03:01:00,2024-05-03 07:58:56.374915,OnTime,14.82,2,0,4.64,15.12,1.020242914979757,297.93958191666667,0.050748544059610864,0.30687830687830686,C0110,1,0.1349527665317139,0,96.15
DL00927,O00335,D152,V077,H01,2024-01-26 03:48:00,2024-01-27 03:24:27.480673,OnTime,5.36,0,0,5.0,13.63,2.542910447761194,1416.4580112166666,0.009622593745855208,0.3668378576669112,C0482,0,0.0,0,100.0
DL00928,O00100,D023,V101,H05,2025-10-30 22:51:00,2025-10-31 19:39:28.294586,Failed,12.72,0,1,3.15,21.6,1.6981132075471699,1248.4715764333334,0.01730115479417437,0.14583333333333331,C0300,1,0.0,1,63.44
DL00929,O00935,D033,V090,H05,2024-09-14 12:29:00,2024-09-15 02:01:45.028410,OnTime,15.41,0,0,4.51,15.11,0.9805321219987021,812.7504735,0.018591191875817467,0.2984778292521509,C0404,1,0.0,0,96.94
DL00930,O00586,D016,V022,H07,2024-03-31 08:04:00,2024-03-31 20:40:39.951924,OnTime,9.03,0,0,,9.23,1.0221483942414176,756.6658654,0.012198250802711577,,C0421,0,0.0,0,87.5
DL00931,O01171,D006,V062,H08,2024-12-18 03:47:00,2024-12-18 21:24:20.480256,Failed,16.08,1,0,2.2,13.75,0.8550995024875623,1057.3413376,0.013004315173386067,0.16,C0508,1,0.06218905472636817,0,56.76
DL00932,O01225,D080,V082,H04,2025-12-27 03:21:00,2025-12-28 02:38:22.447557,OnTime,8.94,0,0,3.18,11.22,1.25503355704698,1397.37412595,0.008029345750460437,0.28342245989304815,C0074,0,0.0,0,88.62
DL00933,O01133,D032,V009,H02,2025-12-23 12:04:00,2025-12-24 12:43:50.593770,OnTime,12.66,1,0,3.83,14.09,1.112954186413902,1479.8432295,0.00952127882137937,0.2718239886444287,C0318,0,0.07898894154818326,0,91.75
DL00934,O00775,D071,V080,H02,2024-03-05 11:50:00,2024-03-05 23:29:10.318105,OnTime,20.86,0,0,4.35,10.59,0.5076701821668265,699.1719684166667,0.015146488243774903,0.41076487252124644,C0068,0,0.0,0,95.94
DL00935,O00211,D107,V012,H08,2024-02-14 07:33:00,2024-02-14 20:00:31.291688,Failed,32.42,4,0,3.9,14.69,0.4531153608883405,747.5215281333333,0.01965160794322941,0.26548672566371684,C0488,1,0.12338062924120913,0,66.66
DL00936,O00372,D087,V098,H03,2025-01-29 15:05:00,2025-01-29 14:49:44.580725,OnTime,5.84,2,0,4.74,11.21,1.9195205479452058,-15.256987916666667,,0.42283675289919714,C0536,0,0.3424657534246575,0,94.31
DL00937,O00001,D047,V090,H01,2024-08-20 16:29:00,2024-08-20 18:52:56.172161,OnTime,26.65,2,0,4.29,15.82,0.5936210131332083,143.93620268333333,0.10990980521283288,0.27117572692793934,C0292,1,0.075046904315197,0,94.67
DL00938,O01246,D132,V109,H03,2024-04-04 03:20:00,2024-04-04 10:45:58.482629,Failed,36.94,0,0,2.58,20.16,0.5457498646453709,445.97471048333335,0.04520435694246256,0.12797619047619047,C0198,1,0.0,0,59.88
DL00939,O00417,D007,V076,H01,2025-01-10 17:25:00,2025-01-10 21:08:01.948187,OnTime,1.2,0,0,4.17,11.3,9.416666666666668,223.03246978333334,0.050665268653382514,0.36902654867256635,C0486,0,0.0,0,94.81
DL00940,O00565,D133,V066,H04,2025-07-01 17:56:00,2025-07-01 23:29:07.302926,Delayed,16.19,1,0,2.58,7.05,0.4354539839407041,333.12171543333335,0.02116343568544962,0.36595744680851067,C0600,0,0.061766522544780725,0,59.14
DL00941,O00592,D125,V044,H03,2025-05-06 03:42:00,2025-05-06 06:05:21.290861,OnTime,13.31,1,0,3.8,13.15,0.9879789631855748,143.35484768333333,0.09173041730020855,0.2889733840304182,C0563,0,0.07513148009015777,0,91.61
DL00942,O01112,D013,V027,H04,2024-09-24 04:28:00,2024-09-24 12:36:48.346377,Failed,12.99,1,0,4.06,16.82,1.2948421862971518,488.80577295,0.03441039556159358,0.24137931034482757,C0301,1,0.07698229407236336,0,68.21
DL00943,O00967,D087,V082,H01,2024-03-17 17:18:00,2024-03-17 22:14:16.038008,OnTime,5.06,2,0,4.57,8.9,1.7588932806324113,296.2673001333333,0.030040439819023594,0.5134831460674157,C0343,0,0.3952569169960475,0,92.62
DL00944,O00336,D009,V067,H06,2024-01-10 06:09:00,2024-01-10 10:20:19.874213,OnTime,16.01,2,0,4.04,12.32,0.7695190505933791,251.33123688333333,0.04901897652188327,0.3279220779220779,C0115,0,0.12492192379762647,0,92.52
DL00945,O00197,D075,V074,H03,2025-01-24 05:04:00,2025-01-24 07:26:38.824570,OnTime,8.74,1,0,4.39,12.97,1.4839816933638443,142.64707616666666,0.09092370028563397,0.33847340015420196,C0420,0,0.11441647597254004,0,94.83
DL00946,O00982,D069,V058,H04,2025-10-28 08:18:00,2025-10-28 07:56:03.747535,OnTime,10.68,1,0,4.62,19.6,1.8352059925093636,-21.937541083333333,,0.2357142857142857,C0616,0,0.09363295880149813,0,96.51
DL00947,O01082,D129,V019,H04,2024-10-25 15:52:00,2024-10-26 13:23:40.712696,OnTime,10.8,0,0,4.13,11.79,1.0916666666666666,1291.6785449333333,0.009127657996834274,0.35029686174724345,C0530,1,0.0,0,94.56
DL00948,O00863,D155,V111,H07,2025-09-17 19:05:00,2025-09-18 04:28:30.370370,OnTime,11.02,0,0,4.82,9.38,0.8511796733212342,563.5061728333334,0.016645780387527887,0.5138592750533049,C0274,1,0.0,0,98.88
DL00949,O01106,D060,V005,H02,2024-02-28 01:58:00,2024-02-28 10:58:31.708981,OnTime,11.36,0,0,4.05,20.13,1.7720070422535212,540.5284830166667,0.03724133072073338,0.20119225037257824,C0175,1,0.0,0,94.06
DL00950,O00744,D024,V014,H02,2025-04-23 05:31:00,2025-04-23 09:48:21.154957,OnTime,15.82,0,0,3.8,16.73,1.0575221238938053,257.35258261666667,0.06500809057323419,0.2271368798565451,C0146,0,0.0,0,92.5
